x1,x2,x3,x4,x5,x6,x7,x8,x9,x10,x11,x12,x13,x14,x15,x16,x17,x18,x19,x20,x21,x22,x23,x24,x25,x26,x27,x28,x29,x30
0,68,94,34,56,15,40,89,6,44,24,65,76,57,10,99,96,77,16,69,7,93,22,26,99,35,15,48,51,93
17,94,31,75,6,15,44,74,40,38,46,32,72,50,75,30,79,85,78,14,83,46,57,65,87,76,42,39,87,17
6,15,18,85,18,90,46,52,54,60,100,45,85,93,94,58,2,33,89,42,9,11,31,31,64,55,14,55,28,97
93,62,17,60,65,36,9,75,19,92,87,46,89,43,27,25,94,98,73,39,6,83,31,99,90,27,43,14,12,61
41,48,91,60,54,56,51,85,66,25,48,68,69,94,99,75,68,20,7,46,67,6,43,13,37,44,18,68,5,95
34,33,5,11,75,59,57,96,89,85,1,88,49,71,83,0,13,50,90,93,20,67,86,91,93,34,19,56,11,32
5,34,83,63,12,82,53,13,89,89,14,47,24,40,88,61,46,24,70,3,79,97,75,10,84,18,75,96,25,14
100,71,41,8,87,96,70,38,54,52,36,9,72,90,66,78,96,99,8,77,72,65,20,19,22,56,32,67,12,65
41,57,11,38,99,33,33,84,77,1,45,61,90,61,29,1,87,3,9,79,20,11,74,78,80,91,88,91,30,94
87,49,16,7,87,5,72,72,36,30,14,69,60,88,68,24,54,95,81,7,70,97,97,11,7,2,34,74,25,31
48,3,36,24,22,24,64,84,97,36,70,19,27,75,31,95,54,42,52,69,73,69,97,76,60,50,80,18,60,94
84,75,47,65,29,62,35,30,75,21,3,65,13,5,36,73,73,79,6,97,65,43,20,13,86,85,85,17,52,79
90,16,59,36,91,13,67,67,88,20,60,25,31,11,39,60,35,91,21,47,28,75,57,55,74,16,2,85,46,26
99,61,33,4,36,19,99,12,59,48,98,59,75,62,67,10,81,4,90,63,43,41,9,39,97,52,74,77,2,53
87,49,36,70,21,77,23,22,56,26,4,87,81,98,50,58,48,20,14,14,53,55,23,79,47,56,43,36,40,61
23,13,64,23,37,47,20,6,83,14,96,27,85,55,28,75,59,77,71,95,99,22,43,75,49,47,95,66,85,15
82,53,5,8,6,87,49,28,78,25,83,10,98,74,55,48,97,71,15,4,17,35,89,32,3,83,31,70,93,12
94,51,13,94,58,60,85,50,82,56,84,38,23,84,84,17,76,55,52,8,20,100,25,64,46,1,4,93,32,56
91,65,99,71,58,16,96,82,1,53,99,61,70,71,22,27,80,98,44,69,13,60,26,31,2,15,71,90,81,91
57,33,86,83,19,95,51,67,12,55,26,15,14,24,79,68,71,8,21,35,19,94,41,1,95,5,46,86,18,61
51,77,38,60,10,45,6,66,26,32,61,27,23,93,80,84,88,62,14,93,70,12,2,65,59,67,16,3,60,93
71,42,30,75,20,71,35,6,54,69,2,7,96,70,81,15,18,97,3,26,60,11,89,55,73,33,34,81,54,18
29,28,57,18,96,18,87,2,79,67,75,57,69,57,2,56,64,50,19,5,14,60,7,47,71,73,9,22,80,12
3,81,14,17,9,91,25,61,22,26,3,5,1,46,46,12,78,65,45,28,7,79,25,57,48,47,90,43,23,26
79,62,58,21,33,59,79,87,32,17,8,29,52,23,40,92,66,86,80,83,12,84,5,10,2,14,8,66,60,40
81,44,89,76,27,28,31,10,58,64,83,90,40,64,79,55,72,98,81,28,12,2,33,92,3,44,98,1,49,35
52,61,36,76,89,34,24,78,54,77,79,33,1,15,43,55,18,43,9,7,53,60,78,39,40,73,6,67,80,17
74,81,97,76,71,0,100,42,29,15,95,95,66,82,16,28,1,63,34,51,17,17,28,81,8,68,94,23,16,10
0,11,99,63,5,17,42,9,17,65,70,22,44,96,37,67,13,64,0,80,29,93,23,23,57,85,9,27,86,25
87,84,71,7,40,96,32,58,64,73,61,5,17,60,99,90,4,13,42,29,90,59,60,83,31,97,3,91,81,45
19,18,23,39,85,95,95,86,21,65,10,36,21,6,46,29,44,46,64,42,42,42,99,81,68,90,6,20,59,54
62,73,60,81,14,96,66,14,80,73,68,86,59,96,43,31,39,95,79,64,94,98,55,58,3,25,4,30,21,93
28,8,66,17,5,39,12,34,96,38,56,64,67,12,4,90,95,60,53,17,7,20,23,21,10,67,22,94,23,65
22,4,71,60,61,99,1,20,12,23,14,59,55,34,79,68,1,74,18,80,1,18,50,75,24,63,73,69,39,92
56,9,15,77,80,99,45,86,96,80,29,75,64,83,40,43,54,62,97,93,64,96,61,97,82,16,18,1,77,98
73,58,98,24,31,61,86,61,63,95,42,64,81,66,94,72,72,20,5,65,11,84,86,77,21,58,40,61,67,99
16,50,34,1,79,15,86,100,9,83,62,68,87,23,2,11,14,30,73,33,44,63,76,49,52,17,29,18,47,11
88,31,26,77,59,93,95,51,91,48,63,69,75,14,35,94,53,97,6,44,6,28,94,16,43,70,19,4,1,87
14,56,62,39,33,88,6,49,52,13,80,75,73,14,27,27,82,30,32,92,0,78,63,52,21,44,47,51,12,92
37,31,92,96,4,27,48,67,11,45,40,86,78,44,45,60,30,22,19,46,36,61,25,62,43,45,32,73,63,65
69,34,33,82,53,53,61,0,75,42,86,25,4,8,61,74,59,51,24,27,66,78,1,53,80,70,15,26,85,94
81,48,18,52,14,35,36,80,80,84,7,56,33,7,69,92,81,6,38,57,32,79,13,70,56,66,90,74,86,21
61,32,88,72,21,99,0,93,86,10,0,79,15,7,88,38,41,26,54,37,75,66,48,82,76,89,42,3,29,69
96,88,92,14,53,40,90,5,69,41,12,96,88,70,33,99,25,54,36,51,91,86,35,47,6,23,89,57,84,41
9,42,60,55,86,86,11,3,96,10,63,69,5,25,17,35,64,56,5,47,12,55,52,11,62,37,22,8,20,35
51,85,57,67,15,20,54,34,80,25,77,90,87,59,28,36,50,84,31,68,58,74,98,4,75,68,38,86,9,41
9,33,61,64,46,43,2,73,73,23,79,7,82,67,46,9,9,37,10,27,61,97,38,90,1,62,15,83,70,81
90,36,99,94,65,48,61,51,70,27,96,98,58,61,83,21,38,77,69,32,64,35,37,99,44,85,22,69,61,88
100,58,73,51,65,12,19,30,36,54,33,79,59,22,30,34,69,55,9,50,9,36,7,77,47,32,21,94,91,37
75,12,38,89,79,3,31,39,39,41,86,12,82,15,15,100,0,21,14,19,25,26,75,95,38,53,78,6,86,93
0,54,22,95,55,27,58,14,45,99,10,6,4,23,1,33,66,0,68,5,88,61,74,55,41,7,95,56,68,10
52,66,77,23,90,49,98,74,20,54,93,52,30,72,4,57,27,10,46,15,34,75,1,17,22,58,98,65,70,34
11,1,63,76,54,92,13,68,38,28,27,85,18,24,38,84,28,15,58,94,16,73,34,68,13,51,49,20,10,64
17,95,24,57,29,46,88,13,34,74,86,17,84,90,23,43,55,1,67,3,33,5,15,21,29,57,27,16,97,35
81,55,20,59,72,93,43,85,92,44,60,15,16,18,39,21,42,36,41,90,19,65,32,94,6,24,3,12,21,39
73,13,55,95,37,2,66,92,15,21,6,53,92,97,97,85,52,10,46,90,29,39,30,40,91,93,67,25,35,52
52,36,90,82,18,3,32,99,81,11,81,35,66,73,85,43,87,79,92,15,5,77,83,55,57,67,63,71,37,64
85,64,96,74,96,64,76,3,96,68,28,99,0,14,82,76,49,75,20,31,26,35,17,22,97,40,79,26,71,85
23,4,88,64,16,87,52,1,8,76,67,81,37,53,28,7,66,87,47,83,39,1,30,79,50,71,98,97,57,67
42,50,98,85,62,31,47,46,81,60,41,36,42,33,54,68,5,25,89,43,65,79,60,16,51,63,56,3,65,67
75,98,31,2,16,66,58,97,39,5,41,14,51,3,12,73,42,93,83,25,77,85,12,83,32,33,51,15,68,65
45,42,4,99,55,95,87,71,40,97,59,35,19,86,59,23,23,80,43,90,57,26,60,11,1,63,36,48,88,16
17,55,34,55,44,39,62,85,12,47,63,56,60,57,32,95,89,70,50,29,42,90,62,7,19,46,53,7,32,67
89,61,5,44,2,98,24,48,75,11,64,94,1,50,44,16,35,78,44,56,15,78,55,62,82,18,21,89,46,18
59,19,57,1,20,74,80,46,75,33,76,18,57,70,86,71,97,68,49,61,2,5,88,42,35,25,4,86,35,83
49,95,34,77,73,56,37,87,47,5,75,87,82,13,78,36,9,63,43,25,65,3,22,91,85,52,23,62,54,74
32,78,88,34,1,82,39,44,38,100,34,23,16,9,10,96,76,31,7,95,85,73,4,30,84,13,65,46,86,82
17,72,50,24,22,61,70,32,48,45,61,55,73,52,37,29,59,82,72,54,84,17,52,78,76,64,23,77,18,12
70,60,35,18,60,94,21,53,76,80,12,31,80,86,45,50,95,97,26,30,61,57,67,44,57,48,77,51,17,69
71,70,68,64,13,44,1,54,41,22,97,49,30,20,80,93,21,92,23,63,96,71,76,14,21,79,58,18,66,91
36,64,64,74,55,82,5,67,56,40,11,77,25,58,62,16,30,94,41,73,52,65,14,7,69,94,38,64,97,60
32,88,94,72,21,60,71,34,51,18,30,65,10,66,66,21,80,12,47,35,44,9,64,10,16,54,37,9,75,33
45,6,78,69,15,87,88,72,93,8,95,13,56,52,36,77,47,92,42,48,26,74,54,3,10,56,93,83,92,51
30,58,43,19,84,51,66,25,22,56,52,22,78,41,29,78,50,16,47,13,8,29,76,45,56,97,60,51,82,80
94,76,44,70,28,8,39,32,46,39,88,94,47,42,71,81,61,79,47,81,52,61,20,89,24,96,33,39,35,35
10,76,3,32,33,53,83,32,49,37,42,41,84,56,79,18,19,34,77,97,71,57,46,37,29,86,65,60,85,75
72,65,18,46,27,4,50,1,57,56,4,53,25,57,25,65,90,21,89,96,99,1,100,66,30,49,71,2,46,94
49,7,96,19,44,58,26,91,20,73,52,55,96,25,13,66,76,23,76,33,15,35,76,46,3,98,19,85,52,46
50,52,89,5,64,26,42,86,10,23,31,55,94,24,33,34,54,74,11,43,55,7,72,8,33,43,69,71,61,31
12,82,24,67,66,50,35,75,38,24,24,13,65,95,1,97,3,41,45,79,14,40,44,37,34,5,40,17,86,54
5,43,68,70,31,66,84,2,31,10,5,98,3,6,10,93,34,75,72,30,30,29,24,34,59,22,20,28,1,20
27,30,40,84,80,53,62,58,57,2,69,87,67,36,22,34,85,98,70,85,7,37,91,19,96,48,96,12,50,52
76,34,52,90,2,83,58,32,44,99,66,43,90,82,45,72,100,64,82,37,20,9,70,38,44,96,39,63,17,86
59,30,62,95,5,11,2,10,86,8,16,48,17,40,14,63,32,79,13,78,68,55,94,99,88,85,45,28,10,80
86,38,65,12,92,27,90,6,71,53,70,80,25,74,57,89,52,46,24,99,11,46,31,72,43,20,88,76,77,14
79,83,57,7,79,33,2,91,91,100,96,41,27,48,4,17,71,81,39,17,78,83,83,86,28,40,49,58,98,47
79,38,66,35,74,99,97,71,24,65,3,88,84,41,80,86,20,64,37,2,15,41,0,27,97,79,90,50,68,60
31,9,10,84,20,52,21,89,1,26,37,74,19,54,83,61,56,77,13,9,70,97,57,31,78,35,16,74,8,30
91,67,38,68,55,43,63,35,64,19,27,98,21,86,70,52,100,74,18,9,93,84,30,2,1,23,72,69,85,33
40,41,35,86,46,85,34,60,58,74,66,53,66,9,16,95,1,80,7,70,36,14,80,54,84,79,38,98,89,23
77,96,74,19,10,78,91,70,73,74,63,90,81,90,41,44,2,67,6,7,99,56,52,58,37,47,82,87,96,96
10,56,3,89,30,64,9,84,53,71,22,24,88,50,11,32,26,37,51,12,41,26,13,23,32,38,93,45,79,3
23,21,88,49,1,18,16,58,31,98,63,56,71,46,9,9,19,8,36,17,74,85,80,32,32,40,7,94,23,81
49,56,36,35,7,45,71,33,52,77,43,55,45,25,44,46,70,58,86,84,82,62,35,76,51,37,94,67,39,61
28,79,7,19,56,12,69,66,2,23,86,16,47,73,17,46,92,62,23,36,80,18,63,68,98,64,47,91,87,72
40,84,23,45,9,40,95,25,53,27,20,57,10,64,37,53,77,0,7,47,87,6,86,14,100,85,64,21,32,30
70,44,39,86,99,94,3,14,39,21,55,71,69,98,36,45,15,70,26,84,77,71,77,57,18,23,35,95,56,83
7,24,51,13,88,28,90,49,32,89,45,27,96,92,93,2,6,13,63,87,17,25,67,18,85,21,20,84,29,35
21,42,25,48,37,49,52,89,56,85,70,0,82,36,62,94,1,38,89,67,8,3,41,20,49,46,66,89,59,56
87,96,40,7,63,89,21,39,11,38,46,96,66,48,8,28,19,80,65,31,44,54,22,62,18,76,30,87,15,46
12,21,34,24,77,30,87,40,73,27,93,91,25,27,97,96,34,71,10,44,72,37,87,47,90,93,29,66,92,49
55,46,20,39,5,86,32,17,91,38,36,22,68,3,49,46,64,38,35,29,11,53,80,19,56,33,70,94,7,58
93,37,95,78,60,8,96,66,57,80,64,34,93,96,89,39,10,22,96,10,21,82,39,58,74,45,65,87,63,12
36,96,75,72,23,3,56,54,91,8,17,45,91,63,32,73,64,47,73,47,55,46,32,28,12,46,0,34,87,9
2,61,87,97,90,92,2,13,69,29,3,30,74,60,41,31,74,92,61,19,41,77,72,70,73,24,5,15,30,42
51,61,20,21,62,13,46,31,72,75,47,36,29,57,24,26,8,57,3,23,97,37,81,90,71,4,28,33,81,4
51,99,87,56,23,58,24,92,12,3,28,59,25,89,6,87,54,13,45,52,99,0,22,97,41,59,20,87,74,45
10,87,27,63,38,46,1,36,87,28,37,34,35,27,47,41,88,26,100,46,38,79,40,29,71,64,67,56,32,32
47,67,3,63,85,67,75,55,78,66,87,21,20,86,77,82,54,13,29,60,6,83,58,1,89,41,21,42,78,51
34,19,58,57,57,34,95,44,15,80,81,44,95,31,1,82,44,20,90,65,67,10,35,97,46,12,63,73,47,65
23,4,58,39,64,67,11,63,100,13,41,60,23,79,92,36,41,59,22,21,77,28,37,16,37,61,31,22,28,11
11,3,45,2,86,77,8,93,83,13,16,18,45,62,25,34,92,25,6,53,78,97,2,93,14,24,81,79,40,80
20,83,80,39,79,97,13,92,98,64,82,84,11,6,3,39,71,8,1,57,3,74,98,43,11,10,99,59,27,64
49,35,25,39,47,57,67,44,94,1,80,5,31,58,71,15,98,77,94,74,42,83,52,50,11,73,34,99,50,35
58,64,60,8,52,71,11,62,38,41,72,15,20,41,17,96,66,7,25,89,19,10,59,3,42,91,95,52,92,35
77,43,93,71,0,39,92,87,85,36,40,18,56,65,18,95,5,0,48,58,58,64,65,8,43,43,51,82,79,9
91,75,92,9,21,42,15,70,52,96,9,3,90,70,12,18,50,57,21,45,76,51,57,76,36,99,24,89,55,82
70,14,41,35,84,42,73,57,99,31,15,84,89,24,99,32,1,13,80,37,9,69,93,4,13,87,88,98,69,63
74,45,83,42,57,41,83,99,29,96,8,60,25,72,56,32,60,71,40,95,64,84,31,16,42,55,84,78,21,74
24,51,44,56,62,49,100,70,3,30,33,94,81,25,34,87,87,76,73,67,56,76,12,29,35,85,54,46,30,77
54,39,33,17,15,91,6,74,11,8,33,79,96,58,7,49,74,83,63,18,78,75,96,57,75,0,7,26,65,39
48,6,25,91,55,93,16,38,47,46,28,98,80,30,73,65,51,74,73,88,48,90,29,82,53,4,65,81,61,70
53,13,67,2,97,4,38,77,88,44,37,58,23,17,75,9,23,67,39,62,98,52,29,44,13,73,1,86,55,24
31,82,57,49,27,71,70,29,27,84,7,33,37,23,58,37,47,21,49,5,58,21,39,92,6,85,15,28,19,33
56,65,51,68,68,23,69,100,18,32,28,83,81,65,25,56,56,63,50,91,76,20,57,76,74,54,61,47,67,34
63,94,99,34,44,61,50,30,14,31,5,5,26,21,5,6,99,69,68,7,72,82,58,26,82,96,70,45,45,57
59,68,35,10,19,94,30,15,82,95,28,12,37,71,4,52,94,63,99,62,70,62,83,69,89,47,0,78,81,83
84,58,45,71,48,52,64,62,80,78,81,51,90,34,52,4,54,34,65,66,13,60,51,34,80,37,53,70,81,17
88,23,67,92,83,67,98,47,5,3,17,62,42,37,80,99,42,95,48,69,78,87,42,34,58,26,48,13,21,48
73,60,47,41,93,94,1,67,76,85,48,7,60,15,34,57,87,33,15,65,50,75,88,37,9,74,42,43,80,30
3,41,99,92,2,84,82,14,95,99,66,47,73,14,20,66,67,58,10,32,78,76,60,17,13,73,65,3,64,26
36,85,50,5,39,60,91,67,27,45,40,5,38,26,91,16,51,40,28,59,72,74,25,71,10,75,5,20,1,32
75,21,1,31,18,39,74,79,41,9,13,3,64,75,85,61,13,42,87,99,60,100,22,67,76,32,81,63,87,83
30,37,76,36,45,90,73,24,84,61,22,83,1,79,44,34,27,98,86,13,49,79,45,0,68,38,22,41,100,48
12,87,72,31,15,34,40,36,39,31,23,55,31,15,72,44,96,38,0,88,47,21,78,76,60,20,66,32,83,80
61,93,29,52,47,56,1,43,30,4,87,37,35,5,80,75,25,22,33,9,85,16,79,60,14,91,55,75,33,6
31,83,99,68,63,38,11,44,16,31,18,44,64,84,17,63,8,43,27,46,4,3,3,53,66,26,2,82,41,41
99,27,17,6,41,99,40,49,70,20,24,60,12,64,16,29,24,58,4,54,55,64,58,49,19,63,50,45,59,68
26,89,47,63,2,76,20,18,82,99,72,39,68,76,34,33,29,78,79,65,80,73,9,53,20,88,4,38,83,24
26,66,32,19,70,41,14,19,31,79,61,97,95,19,34,61,66,82,77,31,75,11,47,1,49,80,65,38,99,68
64,18,89,5,0,25,47,62,29,1,15,97,49,3,67,27,59,95,85,60,66,71,68,18,27,26,4,61,27,89
92,86,20,63,0,35,75,32,91,25,31,87,56,40,82,28,83,91,78,2,27,10,69,97,71,55,84,9,47,93
13,13,21,12,6,36,40,84,33,45,44,89,0,6,14,72,23,49,37,68,64,43,11,33,5,30,99,12,65,18
32,42,5,36,87,13,26,50,65,85,67,78,83,67,89,79,89,10,65,50,2,29,1,16,0,0,30,79,62,24
46,79,61,36,46,78,71,45,50,60,27,19,66,43,34,73,23,94,25,94,52,7,76,82,74,70,37,27,37,26
90,12,22,20,85,96,86,67,16,12,96,38,84,31,36,81,22,62,82,94,67,82,77,30,20,64,97,40,33,57
13,41,48,88,14,61,59,65,84,78,26,15,3,49,71,12,45,63,82,4,91,81,41,15,21,87,90,28,38,56
6,32,55,9,1,28,63,43,31,18,23,67,25,68,45,83,22,46,49,50,45,85,73,95,57,72,38,45,47,25
7,59,69,6,94,68,48,93,50,58,44,43,80,59,40,77,52,60,28,90,28,25,58,57,37,89,52,61,73,97
53,17,3,11,96,85,5,78,65,25,49,48,43,13,29,89,77,32,16,7,17,68,21,65,39,42,41,72,14,48
19,68,49,16,79,48,42,71,24,56,70,16,73,84,1,32,50,87,35,99,67,85,23,96,65,33,58,97,82,34
50,8,18,45,86,84,40,76,15,55,36,19,20,79,25,45,79,77,1,75,47,78,34,14,38,41,53,75,54,74
69,2,86,62,71,31,81,5,88,48,27,28,16,32,6,97,65,44,24,64,30,36,56,28,7,81,89,50,46,34
37,96,7,27,3,23,58,79,57,80,49,60,98,60,57,95,72,99,7,37,92,20,38,33,87,44,40,55,14,28
28,84,31,5,8,72,36,79,86,45,68,53,17,44,8,80,15,56,84,78,29,26,88,37,49,84,9,6,45,48
5,28,70,47,6,78,88,58,99,39,88,21,99,62,83,65,92,53,44,76,81,49,46,23,28,77,77,66,60,84
43,8,96,42,29,32,92,51,11,50,6,24,13,87,65,84,99,36,42,93,62,43,61,4,13,99,27,4,45,3
3,35,77,90,51,92,60,12,17,38,20,12,27,9,7,23,73,69,9,15,92,58,34,51,61,71,62,38,3,42
26,98,100,36,72,78,4,21,87,75,38,71,4,61,73,40,24,81,78,14,95,54,86,67,76,81,85,90,52,76
27,58,23,86,96,15,31,69,4,69,24,90,60,60,54,6,84,84,74,22,30,37,49,17,62,6,61,27,46,19
80,30,40,57,5,13,72,52,29,99,77,81,75,79,9,5,82,86,4,85,95,72,62,61,59,80,1,48,14,12
50,88,21,0,77,35,59,7,40,98,58,26,17,43,90,84,83,96,81,71,58,55,51,95,74,72,77,75,4,14
49,16,90,54,68,47,52,69,83,98,28,72,65,13,13,12,66,18,10,81,34,33,4,14,90,72,45,81,32,57
58,49,57,30,93,19,76,44,27,9,14,34,49,87,51,81,2,15,80,74,48,55,18,11,92,16,47,46,73,24
11,4,77,61,9,12,89,72,4,58,28,16,33,11,98,57,5,67,97,54,96,9,38,36,74,70,69,81,68,15
37,100,77,27,47,93,10,14,31,30,72,6,53,46,31,96,52,56,49,48,58,92,54,95,10,94,43,16,1,49
70,82,38,16,51,71,39,39,17,82,85,17,31,43,93,40,41,22,76,31,36,79,53,7,32,5,26,82,49,35
4,36,84,86,27,83,6,96,43,31,79,84,36,83,50,80,73,26,80,84,98,75,79,73,73,80,85,84,51,1
54,86,92,97,1,87,82,21,40,89,23,15,25,7,58,38,52,78,25,19,17,45,99,46,6,11,75,50,25,33
40,34,97,87,75,59,41,36,95,62,76,58,48,36,19,77,49,43,14,75,47,17,31,4,76,4,10,54,77,2
39,98,72,39,96,65,1,71,22,67,78,70,72,60,99,44,45,72,4,60,85,50,72,98,90,62,47,92,53,87
69,89,85,1,75,93,25,53,1,25,14,23,33,38,65,94,41,17,67,48,70,57,74,21,83,57,95,68,52,75
83,34,96,12,40,41,78,96,80,10,38,24,80,16,60,66,98,12,8,33,51,19,24,86,10,16,22,56,44,48
58,82,2,60,0,97,49,39,22,95,23,57,2,84,19,78,59,3,94,24,34,50,95,63,9,96,26,93,12,0
18,99,40,98,66,63,25,56,51,88,24,54,19,36,88,69,16,65,22,29,73,2,39,63,72,10,39,24,37,49
22,99,52,74,90,97,77,19,87,71,91,48,54,9,94,31,80,37,23,84,70,46,10,67,96,17,45,44,82,84
50,4,36,40,39,93,87,97,32,38,66,52,95,25,16,55,46,68,65,83,99,46,65,68,56,24,65,29,79,83
13,80,53,91,41,20,65,13,14,100,2,74,90,22,46,58,43,57,34,23,97,97,98,20,93,57,26,34,19,74
16,63,88,50,8,28,83,26,4,72,21,79,15,29,75,80,60,79,88,92,21,83,39,39,74,23,42,53,73,98
75,99,69,11,41,42,57,21,59,57,18,52,34,5,44,90,26,4,97,11,32,8,57,17,94,7,20,82,19,67
69,100,29,40,3,43,77,73,75,18,49,83,36,94,55,79,17,12,16,35,53,60,65,15,94,59,54,60,30,15
86,69,94,13,91,91,89,57,21,22,0,16,52,85,65,99,18,64,58,67,88,13,14,26,50,70,22,98,33,35
35,5,69,14,10,7,91,33,50,8,37,99,75,40,55,93,76,45,73,26,86,48,68,80,42,16,71,14,84,67
9,51,39,51,25,6,56,41,65,93,44,55,63,50,13,52,14,8,44,62,95,41,38,76,88,62,5,12,18,62
16,9,50,81,13,74,14,32,40,68,25,56,59,84,24,42,41,9,62,72,15,56,41,25,36,72,39,31,45,63
57,13,37,34,24,53,96,1,55,53,11,10,37,84,2,1,83,93,48,46,29,98,35,19,49,57,93,100,12,30
65,83,50,40,88,19,16,98,38,63,11,51,55,52,73,24,68,1,72,15,73,36,37,9,14,42,33,35,67,75
65,34,71,72,1,69,15,62,29,30,17,39,73,30,8,95,66,71,86,88,48,71,56,49,51,100,99,91,74,23
36,91,84,97,10,61,27,20,59,25,89,88,67,55,35,23,82,48,30,12,36,87,49,20,98,72,88,53,25,52
62,79,18,49,99,26,58,64,22,65,12,70,85,20,15,54,85,33,54,71,99,50,90,97,60,29,3,44,71,69
36,100,10,78,63,28,93,85,20,85,84,60,31,29,20,19,22,14,45,82,65,9,16,3,83,69,45,81,20,59
87,79,17,44,20,7,32,87,29,18,94,94,68,13,73,45,29,80,78,85,67,5,57,19,31,1,8,29,71,12
11,83,42,60,30,14,72,74,46,81,61,91,16,83,85,20,87,8,14,31,17,2,77,6,67,71,32,73,3,90
52,75,89,36,78,4,82,43,9,31,93,34,84,91,47,0,22,14,1,28,13,36,40,25,46,65,99,37,25,1
28,17,65,91,46,39,81,99,95,26,84,87,23,97,75,28,39,34,30,6,32,87,12,16,37,63,80,36,80,12
74,54,22,59,41,52,35,72,35,33,53,60,72,35,29,92,35,80,4,6,79,12,11,59,76,46,39,70,67,18
73,77,2,93,70,43,68,43,78,78,76,9,36,19,73,86,94,19,18,33,58,100,95,21,93,86,6,70,99,53
1,65,53,40,76,94,92,70,58,37,46,15,97,45,29,86,15,7,26,9,84,76,42,18,79,94,95,36,14,67
56,50,77,40,97,44,57,56,73,52,26,80,77,20,50,30,82,87,62,23,66,83,53,23,68,8,90,94,45,20
50,31,10,22,42,77,3,24,4,18,19,86,96,29,98,16,88,73,85,0,47,89,90,74,98,53,2,90,20,2
75,48,82,60,15,99,81,92,33,3,86,50,13,23,54,80,4,38,99,99,43,45,93,51,37,85,26,93,21,99
47,14,99,11,87,97,7,13,5,11,25,72,64,74,50,19,59,58,61,75,78,45,21,46,34,12,50,44,70,3
74,58,82,27,49,95,4,62,53,13,6,18,39,41,6,44,13,44,51,81,60,14,14,31,91,50,86,16,51,23
30,82,71,23,61,39,33,25,50,47,47,5,7,99,28,26,68,39,37,49,30,98,88,40,15,26,72,62,9,32
64,98,72,65,90,88,48,66,7,65,41,38,84,36,7,57,76,18,91,23,5,1,61,25,99,26,99,3,62,77
0,82,24,7,45,93,63,22,18,51,29,1,72,47,56,48,69,28,6,24,20,3,82,89,92,95,36,14,61,75
6,70,81,92,83,17,30,67,53,8,42,91,81,1,95,62,9,10,66,48,42,61,75,2,77,70,44,87,17,72
16,54,19,44,35,62,36,1,49,21,94,74,88,56,71,30,73,99,46,91,62,79,35,37,58,96,54,34,73,15
60,38,48,16,35,12,97,2,31,88,39,0,26,79,9,16,60,85,31,46,23,67,20,13,57,66,55,1,67,44
57,62,81,71,65,5,76,51,64,60,14,70,68,8,12,98,11,52,95,7,84,96,1,74,69,62,70,56,5,97
9,96,13,78,81,2,31,55,92,27,27,38,16,87,11,47,17,59,17,14,77,66,48,17,15,80,46,93,28,67
80,64,43,58,92,0,4,25,81,74,71,11,82,100,57,49,23,47,26,70,56,96,95,89,68,29,90,42,70,97
39,48,36,4,42,64,25,60,29,87,43,76,43,40,47,30,38,84,70,49,14,63,7,78,31,59,59,32,63,22
5,6,30,42,99,83,88,11,15,87,16,37,93,73,96,27,83,34,43,83,58,42,69,4,26,78,30,83,56,65
44,30,72,100,76,22,10,81,82,97,34,81,70,91,93,16,52,98,63,34,79,22,54,25,56,33,0,65,48,51
56,28,48,46,46,9,91,74,4,16,89,37,98,2,43,54,78,36,10,90,87,74,25,54,34,80,80,91,12,75
65,69,88,48,29,23,90,33,25,14,75,82,62,5,59,45,18,51,65,54,81,58,46,42,50,75,33,37,25,33
30,67,43,33,44,76,43,86,83,27,29,10,3,9,1,44,62,49,9,4,93,63,81,58,99,62,79,9,79,99
91,16,95,26,59,58,45,30,73,83,46,91,65,21,54,29,79,20,51,64,0,24,14,32,98,33,21,35,45,4
43,11,94,31,22,73,23,85,50,10,86,47,7,80,87,34,64,95,13,96,22,97,23,53,96,65,8,58,75,71
96,66,12,86,49,32,3,29,50,53,66,44,29,51,45,56,48,74,46,49,19,18,5,45,99,83,30,92,10,1
16,70,34,61,48,80,5,73,35,12,52,99,14,53,47,99,47,47,15,54,30,12,78,8,65,64,3,24,87,76
35,66,83,3,82,78,3,84,63,47,25,65,7,3,42,10,95,57,8,95,83,19,23,84,15,2,66,93,20,71
96,77,67,1,17,28,69,48,20,71,71,27,4,2,19,91,20,72,26,62,30,90,91,6,14,64,39,92,93,94
63,3,67,39,59,34,52,36,63,32,58,40,31,97,59,15,55,30,59,48,59,71,75,93,91,8,89,91,92,50
98,10,18,17,15,26,72,93,5,27,1,49,98,47,79,13,4,27,63,94,24,66,53,24,31,81,36,93,10,9
19,45,78,68,99,15,93,51,94,87,87,60,81,40,67,5,75,68,90,72,74,8,28,86,64,40,14,66,48,5
13,62,58,9,65,2,28,39,91,72,81,89,60,0,20,34,74,54,61,83,55,100,86,95,60,30,25,81,36,69
25,32,14,59,6,91,72,90,7,5,15,73,80,61,99,12,79,56,27,22,37,81,4,2,63,19,53,48,67,26
54,94,18,91,49,60,97,50,16,32,43,16,67,19,31,34,35,51,83,81,41,11,81,27,42,17,78,95,81,23
57,44,94,2,34,19,43,23,80,37,60,1,2,66,40,75,48,51,100,50,20,66,99,47,37,98,9,54,6,89
73,11,99,44,54,52,59,30,92,32,32,14,82,78,72,82,7,36,22,83,53,97,57,58,72,57,28,40,45,75
91,25,78,8,66,46,50,78,97,44,56,63,97,77,28,98,38,12,0,51,94,48,95,73,35,61,90,96,5,35
52,12,1,62,34,22,62,40,19,32,11,10,50,92,40,78,35,13,67,78,90,39,76,52,53,63,85,91,53,97
72,19,94,4,43,17,2,65,25,99,100,63,76,12,47,77,52,30,89,66,55,72,90,4,30,27,85,86,68,38
71,38,46,10,46,60,59,38,13,57,36,15,33,60,47,63,80,87,58,30,88,96,51,97,41,44,57,14,7,99
36,72,39,25,97,61,75,74,69,83,77,41,16,75,97,51,58,52,65,92,89,65,90,28,1,39,53,83,30,16
7,81,52,52,97,28,45,86,35,23,90,19,36,16,92,64,41,63,13,41,44,49,18,85,6,74,82,96,44,9
8,28,19,40,42,91,43,87,14,72,39,10,14,80,97,58,84,30,14,52,33,37,32,43,14,94,15,33,85,41
33,25,73,78,100,66,76,8,39,54,67,54,56,67,2,92,59,11,51,21,31,29,83,34,66,88,72,35,73,52
6,90,4,14,75,44,36,15,4,86,70,44,52,68,38,7,92,59,99,71,75,15,100,64,93,0,90,93,21,47
91,88,91,85,72,63,41,66,59,67,42,81,6,74,56,71,41,25,45,59,39,40,15,37,11,51,13,40,90,9
19,0,16,63,71,31,18,74,81,78,81,94,49,95,83,92,71,47,25,10,62,74,78,48,18,45,48,28,17,93
71,81,49,17,67,26,52,29,71,14,37,75,29,97,92,16,78,83,100,23,42,21,55,30,59,94,49,78,41,38
93,66,78,96,78,30,10,57,8,22,46,35,42,65,33,31,52,87,16,6,71,80,65,87,57,72,62,99,100,68
69,85,67,48,39,18,78,41,64,74,34,89,66,6,10,60,29,22,22,13,40,48,98,90,84,94,86,82,97,26
60,43,57,10,17,97,54,46,70,55,93,6,63,90,32,45,42,93,22,27,73,60,5,84,15,8,63,63,43,63
71,76,93,18,58,40,88,66,19,29,40,76,67,68,99,59,88,56,40,47,80,47,42,1,83,20,10,15,56,16
35,100,40,5,72,31,86,5,44,14,69,10,37,15,59,67,35,2,99,84,85,68,66,11,12,69,91,88,67,0
54,53,86,38,41,1,22,86,30,37,43,81,62,23,21,37,82,42,7,55,5,2,6,62,9,63,79,38,9,8
70,26,1,99,2,25,42,57,38,21,71,3,54,55,9,81,57,73,74,91,93,85,59,44,80,82,36,94,56,35
73,63,49,52,94,5,21,37,75,86,59,46,35,6,21,21,9,34,89,61,72,91,4,39,11,39,28,14,25,11
76,11,61,44,81,12,54,52,59,27,48,47,51,7,40,57,5,50,20,60,27,23,73,56,10,37,53,68,15,26
76,29,2,61,0,63,49,86,13,21,37,73,19,68,46,46,5,42,1,75,57,9,44,61,10,50,54,30,13,19
24,26,15,64,54,4,89,76,90,84,10,46,80,23,85,40,1,35,18,57,99,62,28,96,63,76,58,29,88,92
30,98,9,9,11,66,10,92,88,34,72,30,71,43,46,41,71,94,52,51,25,37,69,5,10,87,56,36,79,17
27,8,34,42,7,40,40,55,80,18,1,21,48,37,14,37,71,99,43,18,98,37,15,53,27,28,83,48,1,52
31,3,91,25,98,31,26,41,97,58,58,4,51,56,36,94,47,78,18,66,1,39,9,33,63,100,90,77,48,93
95,22,8,66,98,75,66,21,27,14,17,64,31,66,70,82,1,66,15,40,52,49,8,15,2,36,43,7,73,45
67,45,37,81,4,86,96,35,25,93,34,38,4,69,67,5,60,64,41,89,29,92,82,14,14,69,80,83,90,42
74,84,63,63,43,81,9,63,65,80,99,14,0,99,75,64,98,100,1,19,5,51,73,9,89,55,21,91,69,21
22,57,62,11,10,67,24,9,28,92,29,81,52,81,99,42,62,60,60,46,55,48,34,9,70,45,54,80,82,98
56,74,36,21,8,74,83,48,36,3,5,31,61,95,62,61,55,41,50,26,61,45,36,70,45,80,17,35,22,53
60,67,96,77,52,4,53,88,83,63,26,23,48,58,42,58,85,92,76,78,38,16,36,2,6,41,18,20,42,13
44,76,81,1,64,44,63,72,86,39,2,86,83,50,63,27,42,70,95,94,96,96,69,47,86,8,88,81,72,55
45,28,42,67,39,12,53,45,40,48,35,39,49,18,24,92,51,60,79,79,83,28,45,9,47,22,50,75,13,33
57,28,6,53,33,35,90,51,57,6,48,76,20,38,6,58,83,51,29,6,95,20,60,61,20,97,41,73,44,69
14,71,80,28,48,69,80,81,11,100,70,75,40,44,72,96,73,61,83,77,87,45,76,92,16,23,58,72,76,57
53,2,12,6,74,69,51,53,21,62,3,52,20,54,40,37,25,70,23,57,10,90,50,56,37,88,80,30,89,96
92,57,48,65,12,45,69,43,16,28,9,93,75,23,83,61,71,27,81,33,43,8,27,2,86,7,34,67,50,34
61,62,83,12,73,47,75,27,68,42,63,95,76,9,67,74,70,64,78,26,47,9,31,82,3,6,67,7,13,30
98,24,71,97,50,80,90,65,65,69,58,36,70,61,35,65,73,1,3,48,27,24,32,4,76,91,7,65,55,49
47,62,48,44,38,24,50,46,92,49,48,29,91,97,49,46,56,12,92,97,49,49,37,43,13,23,1,5,23,81
67,46,38,79,57,80,86,57,65,87,14,63,84,73,31,3,70,72,83,88,19,16,17,4,4,67,22,37,72,0
43,72,58,12,83,83,39,13,68,33,98,87,40,83,23,32,68,50,10,53,95,73,69,100,91,25,100,85,25,6
28,20,50,56,92,56,70,71,72,42,21,61,13,74,80,97,75,48,78,74,31,66,99,30,95,8,9,16,62,28
36,30,2,96,4,20,93,72,65,91,88,79,74,4,25,75,35,64,5,74,64,5,69,10,55,39,7,14,44,14
23,82,47,87,7,50,91,2,78,67,47,29,11,63,83,8,48,66,98,69,95,19,72,78,80,52,54,32,32,7
91,12,64,45,98,34,76,63,83,100,67,14,2,11,69,85,18,11,69,30,75,27,35,49,47,2,16,32,97,27
10,75,76,26,5,89,9,95,98,10,17,40,99,81,71,33,38,70,56,7,13,64,9,91,14,86,81,92,50,59
81,37,85,14,63,24,88,52,55,1,19,60,64,2,56,11,25,48,41,55,75,14,62,11,2,96,4,77,98,90
64,94,93,99,69,9,59,35,62,96,68,85,24,45,5,14,5,89,37,53,68,97,96,47,11,6,26,94,80,71
64,28,73,44,83,86,59,89,66,55,23,9,86,40,5,69,18,58,66,87,91,44,80,16,56,7,94,94,59,64
80,25,8,99,80,7,3,81,9,93,75,9,76,10,18,82,55,82,39,51,30,66,3,18,23,24,27,4,67,60
99,26,57,69,55,15,12,79,87,40,13,69,41,59,91,40,57,99,75,79,51,38,41,81,87,37,25,88,19,71
62,72,32,15,19,50,89,19,89,62,88,68,37,97,81,94,26,93,23,37,12,7,92,26,34,5,86,24,71,89
74,64,12,46,57,52,94,86,50,48,10,88,72,76,11,35,8,58,25,91,57,24,81,49,31,6,31,35,29,88
80,0,47,49,68,61,70,80,42,94,59,68,87,4,87,39,37,53,1,85,7,3,57,63,69,39,73,62,25,43
97,34,46,91,56,30,61,59,51,39,86,35,81,80,93,62,26,35,90,90,40,63,70,66,81,100,83,27,34,91
86,40,92,76,41,86,73,78,39,7,18,57,89,76,4,3,45,2,84,53,77,4,13,31,44,44,12,89,64,33
22,28,22,97,53,64,27,78,21,35,50,75,89,54,90,52,63,79,27,91,77,58,34,89,37,11,87,95,53,84
85,31,25,92,80,65,76,41,11,87,60,35,29,78,85,67,8,33,2,75,33,43,80,62,10,73,65,97,99,94
1,29,92,56,56,83,11,48,64,42,95,31,95,59,68,52,7,36,8,51,88,1,27,59,66,89,52,77,0,14
62,84,62,78,81,10,96,77,39,26,94,73,83,90,43,39,62,2,63,71,98,79,30,46,16,62,56,48,74,99
85,46,62,1,13,75,8,100,62,86,11,95,42,45,75,2,90,85,46,95,61,39,72,71,35,14,51,66,94,83
96,57,0,34,54,6,22,24,76,55,57,48,6,24,33,73,46,95,44,72,24,60,79,34,47,63,15,57,74,84
85,8,79,36,29,0,44,98,27,33,68,54,35,40,67,99,27,60,82,3,68,8,87,65,40,45,32,94,98,45
80,14,58,90,13,80,22,82,96,98,48,95,5,10,33,56,54,33,28,77,49,8,11,5,45,37,57,91,53,8
29,11,22,64,18,20,23,81,10,53,5,74,10,89,19,69,56,20,94,65,24,27,42,76,94,40,88,60,62,18
95,20,34,2,97,15,81,23,42,54,38,88,75,1,8,58,62,4,71,3,90,39,53,69,61,43,86,57,94,24
73,72,60,84,63,87,71,3,67,31,94,61,71,4,90,82,23,72,45,40,41,57,93,6,89,55,54,62,81,35
15,60,59,60,70,41,48,16,35,53,22,12,66,8,26,26,26,63,65,64,69,41,22,69,67,87,51,33,36,11
79,89,16,89,13,68,3,1,87,47,29,54,28,65,69,7,75,49,91,78,88,63,66,36,35,21,20,49,62,57
94,49,30,11,98,38,81,50,23,89,69,99,35,83,6,65,19,22,68,97,42,23,38,96,82,27,56,80,61,53
17,96,99,37,31,35,64,2,94,29,83,87,76,66,72,57,61,44,8,35,18,41,26,51,48,46,66,26,69,60
11,40,63,99,6,72,65,79,48,65,82,27,32,13,67,62,41,42,88,25,77,44,66,90,39,33,40,29,26,16
85,99,70,57,72,25,87,30,53,6,97,30,98,36,98,34,32,64,90,14,69,70,80,5,100,14,46,95,60,16
86,69,92,42,54,13,93,96,2,41,98,76,84,51,76,80,4,45,54,7,14,77,68,84,31,88,33,17,3,4
27,77,14,41,66,46,93,69,70,35,48,94,21,40,40,25,99,23,2,17,91,70,15,79,89,28,11,71,58,11
10,82,13,1,51,14,12,52,45,56,42,50,21,24,90,48,3,83,76,19,11,19,12,15,63,75,71,45,76,39
100,76,61,78,75,32,97,37,79,53,10,67,31,36,1,17,61,28,71,86,44,43,21,4,29,30,68,89,80,10
59,55,99,31,91,52,83,25,60,17,81,13,44,47,2,60,46,18,5,100,83,3,88,85,74,49,2,60,69,50
55,55,76,31,36,16,31,54,81,21,6,64,85,46,96,36,90,50,73,3,54,68,23,23,75,32,20,2,8,66
75,22,63,100,44,71,50,40,15,73,96,89,4,71,36,30,38,42,52,56,28,15,11,62,42,65,69,1,73,95
2,1,23,100,9,45,35,43,44,80,69,72,68,26,97,51,96,45,96,24,28,16,71,81,81,93,23,25,67,50
49,18,6,65,20,7,61,43,54,61,89,33,90,64,18,92,33,24,98,64,99,67,47,64,88,78,79,93,79,45
57,65,14,97,60,69,49,32,7,39,96,77,37,79,78,63,92,12,43,52,24,34,2,42,84,30,56,45,22,52
27,0,31,51,12,75,20,37,95,55,67,67,37,36,1,86,49,22,25,55,40,96,61,52,73,28,1,83,25,23
78,54,44,97,48,25,44,15,85,98,86,100,43,9,81,62,39,50,70,4,56,68,49,6,74,52,32,100,11,3
78,23,40,61,64,46,89,23,70,53,83,36,83,9,29,17,38,5,80,84,51,23,15,7,21,90,95,38,61,66
26,96,57,7,83,63,29,60,21,78,89,63,10,29,72,9,60,89,47,40,73,24,83,63,47,40,17,88,0,25
88,63,10,97,69,67,26,4,35,23,16,96,17,13,71,40,32,53,70,37,14,84,7,33,89,76,87,44,59,88
81,72,92,95,66,9,22,56,28,29,66,76,66,70,78,2,74,87,8,1,20,94,67,91,1,96,17,34,29,72
96,99,86,36,29,36,23,53,81,36,79,25,23,78,89,25,14,3,13,98,52,63,56,59,61,17,48,96,38,36
7,75,43,6,41,92,0,75,20,30,33,57,69,50,60,3,97,17,28,17,24,84,84,47,80,19,93,97,24,9
91,8,42,55,52,30,58,10,50,8,14,92,55,51,6,54,24,36,41,39,55,38,93,10,40,54,31,74,93,60
4,90,47,44,36,77,85,42,100,57,37,18,4,5,48,9,66,84,87,7,65,26,67,6,63,19,86,14,76,30
8,96,29,25,81,92,44,13,68,90,38,91,7,27,66,78,38,73,9,35,23,11,77,63,9,61,47,22,50,36
16,99,55,6,38,56,63,15,86,51,56,27,49,97,47,17,11,21,51,84,62,34,4,78,23,4,20,5,83,35
70,39,7,59,36,40,53,45,19,55,86,99,35,65,91,72,61,71,47,58,41,46,27,4,24,20,2,30,47,35
33,90,22,0,31,23,19,19,67,37,32,48,22,0,41,8,71,79,62,49,57,8,88,22,34,28,53,62,48,23
17,77,3,46,74,28,84,28,2,56,99,53,54,33,14,44,26,42,4,58,32,43,37,84,15,40,80,96,27,38
35,6,22,8,62,80,82,88,20,34,14,78,96,72,30,45,15,77,77,59,52,40,65,15,88,66,14,69,97,81
54,79,38,50,5,29,22,26,14,59,9,30,44,54,32,59,85,14,28,15,52,23,1,61,93,21,35,13,75,12
41,27,15,62,81,89,84,18,54,49,20,98,15,54,25,59,98,86,22,54,57,60,53,53,90,23,1,44,91,60
2,13,92,85,100,64,79,64,84,2,93,49,86,2,10,22,45,37,83,38,56,86,99,48,31,18,74,42,51,41
53,64,15,95,54,42,17,74,81,76,45,58,51,91,54,57,64,78,44,66,96,29,14,36,80,100,49,92,5,13
66,91,90,69,7,40,90,1,35,18,48,49,50,89,52,90,72,56,88,6,86,68,52,41,45,32,29,6,99,29
78,44,55,95,73,100,53,49,86,88,43,37,75,97,28,88,66,3,5,60,30,50,1,6,15,76,15,12,3,54
23,92,97,76,77,44,19,1,98,36,75,9,77,38,46,56,65,91,13,24,10,29,80,58,84,14,55,36,21,50
70,84,23,46,67,43,12,37,80,100,54,25,12,34,85,49,97,64,24,36,28,12,100,77,14,87,42,20,29,82
52,92,48,67,71,3,58,73,89,88,23,38,0,35,24,93,86,5,35,22,33,94,29,65,35,2,94,35,68,22
53,23,13,47,7,45,69,88,79,75,33,25,47,58,10,76,74,45,41,82,7,85,46,38,19,56,63,70,23,63
26,75,97,15,8,81,53,48,13,75,21,72,78,32,45,81,5,86,76,85,84,98,47,11,34,37,29,92,77,27
51,22,6,76,55,39,52,90,14,78,8,3,85,85,49,53,63,9,29,85,28,4,5,79,41,10,65,58,25,90
82,41,34,2,57,9,84,37,100,9,48,17,62,60,26,19,44,83,36,13,60,66,47,90,59,94,41,26,37,29
77,2,96,27,38,34,79,29,3,0,37,15,64,14,31,67,99,85,6,34,31,94,41,57,79,43,52,25,72,63
40,20,28,20,87,11,72,62,74,1,42,28,83,98,23,27,42,72,66,41,36,0,50,74,16,73,70,93,80,53
92,58,38,68,7,92,84,79,3,52,14,91,2,41,71,57,55,65,50,21,17,55,11,52,89,81,89,75,58,21
95,93,58,12,74,25,47,80,70,89,22,89,53,87,10,81,37,76,81,81,99,69,98,61,21,12,52,91,7,56
52,25,74,14,80,23,20,65,53,14,6,8,37,75,38,79,45,25,58,81,21,56,77,35,65,26,26,51,17,46
31,5,18,16,27,23,58,41,48,65,33,97,54,14,8,23,58,38,57,55,26,48,55,38,83,80,26,10,48,31
57,100,46,12,22,23,42,95,40,59,74,87,0,40,4,50,97,53,62,70,49,43,51,89,81,92,67,28,45,93
48,51,56,54,89,43,52,53,83,5,22,22,91,99,82,28,40,56,76,21,92,67,20,98,5,69,55,25,87,63
97,36,16,63,29,52,42,45,13,7,25,10,51,46,81,24,28,10,76,58,84,84,79,5,92,76,32,25,36,62
30,69,22,40,37,25,95,61,47,57,4,41,26,35,53,14,4,50,15,14,88,52,48,38,89,86,54,88,98,25
30,71,54,25,30,66,41,98,48,12,40,15,26,73,59,91,32,5,91,82,12,19,37,96,30,84,3,28,47,94
60,34,86,28,58,83,88,23,72,50,83,96,47,85,94,95,24,76,22,11,13,94,18,54,95,95,23,39,51,68
81,96,76,56,58,29,39,5,73,30,24,72,69,99,95,11,88,30,33,80,0,57,80,83,76,33,58,53,5,69
36,0,90,59,74,42,54,83,60,29,37,54,78,75,93,42,92,97,47,99,3,37,59,3,8,35,32,32,18,78
93,99,47,84,75,70,78,20,51,63,96,42,63,100,88,67,74,35,91,29,43,23,44,47,99,23,7,92,44,63
63,68,51,99,74,67,63,88,68,74,86,29,41,19,34,91,76,75,5,18,16,93,33,20,95,51,20,62,26,75
34,11,40,93,23,69,28,43,30,58,37,16,74,49,31,6,41,16,47,86,13,17,82,74,57,99,26,90,31,33
50,54,15,92,57,64,63,72,62,42,57,36,52,72,2,87,6,72,18,56,58,79,40,20,64,38,66,53,8,84
92,1,83,25,83,28,55,4,96,43,88,73,18,79,87,16,36,46,22,74,39,96,7,65,17,76,75,100,13,49
67,10,44,17,55,87,20,41,70,99,75,34,30,20,34,19,84,46,33,49,6,2,39,10,79,7,61,63,59,7
45,8,23,16,78,11,68,96,2,40,43,45,45,83,0,68,81,43,64,44,35,87,12,68,29,29,36,42,25,57
3,79,15,53,91,39,66,53,64,37,38,11,58,6,74,34,56,93,86,23,7,64,11,93,55,95,95,22,9,51
70,40,29,36,11,98,5,10,73,96,96,40,88,28,79,25,35,82,26,3,18,63,9,88,81,17,46,27,40,73
9,51,50,45,67,17,100,92,0,28,97,4,89,17,32,13,54,43,50,97,8,80,54,6,10,22,7,61,13,100
95,63,55,87,53,73,6,70,61,17,75,50,89,17,17,41,25,22,37,18,32,45,59,38,2,1,63,13,54,67
67,19,78,22,23,98,38,13,55,55,33,31,83,68,16,72,54,59,76,44,14,14,23,36,66,83,93,20,34,42
51,27,2,54,66,74,100,53,28,1,44,31,37,27,93,59,22,82,61,53,84,61,87,8,60,56,88,56,81,4
93,91,75,92,44,31,53,23,95,4,100,31,5,68,64,71,4,23,7,60,51,3,79,43,26,92,55,33,4,27
55,89,86,57,70,81,64,55,9,62,28,59,50,3,2,86,3,38,46,95,66,78,61,98,37,70,85,82,92,99
94,73,44,52,61,5,67,5,46,50,57,55,55,100,12,38,65,49,66,92,83,33,50,73,60,27,28,72,11,89
4,53,97,50,14,96,46,57,63,87,73,99,71,26,15,43,33,29,14,66,51,84,46,56,66,24,49,40,65,72
55,72,9,37,72,87,67,93,8,17,18,67,29,4,76,94,50,60,77,60,31,0,66,96,48,92,94,30,53,8
83,39,68,31,89,12,31,35,56,45,28,50,8,74,19,74,75,60,6,63,50,82,28,17,56,84,26,0,55,28
48,92,58,32,14,60,62,43,61,100,84,99,75,94,73,23,26,25,89,99,77,30,99,49,76,25,20,40,29,83
46,46,96,41,19,24,9,96,60,22,76,36,80,61,4,63,25,53,14,5,7,14,25,33,91,42,59,77,77,70
33,53,19,16,81,36,39,40,20,4,0,30,89,45,64,31,67,45,95,52,43,86,29,39,90,55,19,16,12,60
21,93,60,52,17,99,15,62,73,31,45,56,97,62,55,98,8,47,71,94,83,66,81,9,71,53,13,74,55,47
71,53,55,67,73,13,42,67,60,89,30,39,17,51,46,48,92,43,27,49,44,6,51,24,88,72,42,75,15,32
94,99,41,69,36,57,48,22,77,59,19,28,62,26,9,54,13,73,87,6,86,63,65,88,77,99,17,49,55,69
82,55,63,11,49,57,43,39,80,38,72,40,60,55,60,17,37,32,8,45,51,2,37,92,16,20,98,72,47,47
72,72,93,34,21,61,4,57,6,74,89,88,8,43,35,7,9,26,73,90,46,72,83,12,92,52,71,90,100,36
27,67,97,59,54,29,93,5,4,1,65,82,84,84,21,28,58,58,80,27,97,88,32,14,29,21,47,18,62,79
90,36,11,6,3,50,8,19,60,27,90,21,87,20,14,9,68,57,94,29,89,95,0,47,41,84,20,69,92,76
55,33,17,54,47,33,53,82,51,23,21,42,13,62,9,21,80,13,6,6,98,40,81,71,85,64,47,27,48,54
96,23,98,12,95,11,44,20,80,42,95,82,66,23,27,58,17,90,81,53,99,35,35,19,61,4,19,84,63,91
0,42,44,54,68,67,79,54,25,63,53,7,97,65,99,91,59,34,60,34,55,70,77,7,96,77,9,4,36,36
96,98,7,1,29,10,89,2,97,60,11,64,97,30,35,68,41,46,18,82,63,49,49,61,44,27,91,31,36,82
50,28,95,28,74,82,90,75,57,43,36,90,36,97,97,74,41,13,4,7,83,96,14,22,59,46,69,44,74,22
57,21,96,59,44,16,19,7,46,6,38,52,45,4,86,36,82,19,4,52,17,71,40,58,54,26,14,73,46,9
10,27,21,41,30,39,62,9,31,26,63,16,13,38,56,19,8,74,35,41,30,20,17,45,82,57,99,52,22,66
61,38,44,97,90,7,66,87,47,5,38,54,16,25,0,33,84,79,89,8,95,42,93,13,59,14,2,19,68,65
73,25,74,36,33,45,83,32,25,79,70,68,79,66,54,48,99,97,73,0,90,72,6,87,84,76,47,97,88,66
36,81,82,19,44,75,13,60,72,35,80,51,19,82,64,65,80,7,83,88,65,28,52,4,46,81,8,65,7,12
74,38,58,19,23,63,30,29,96,76,70,13,56,6,46,37,49,36,48,7,1,2,54,83,89,27,23,47,54,18
3,3,91,39,3,72,52,73,22,84,1,75,26,21,73,84,37,55,41,94,32,96,38,11,69,89,35,58,8,81
78,90,7,26,31,74,38,66,62,0,8,17,44,75,87,47,100,10,74,5,47,80,74,58,32,47,55,84,53,88
22,86,29,19,38,3,74,82,80,15,29,25,68,46,53,59,23,17,43,2,88,42,58,31,95,37,20,8,25,48
21,1,97,44,1,90,79,18,55,34,100,70,34,26,17,43,20,54,9,27,89,13,27,34,7,94,10,10,87,9
44,15,85,27,15,78,8,28,23,85,74,13,63,63,21,35,30,33,48,39,71,35,78,76,89,41,48,73,73,21
67,30,73,50,78,39,37,68,89,5,73,56,67,66,84,14,64,13,76,56,19,39,61,44,35,26,14,77,9,69
43,5,89,68,40,55,25,63,81,92,41,0,25,40,4,35,24,24,26,12,84,74,50,53,58,46,94,85,27,38
89,96,48,32,88,60,81,75,54,23,18,47,88,38,83,24,35,60,16,9,39,12,7,14,4,24,42,75,54,42
70,84,42,11,57,7,77,16,53,22,23,16,93,41,10,59,64,81,24,2,69,96,98,2,49,16,9,24,89,15
25,43,52,9,9,73,26,38,14,29,48,8,36,58,1,94,27,72,41,18,57,78,18,31,77,57,51,98,43,20
96,49,19,12,35,38,83,45,24,0,42,74,67,64,58,14,77,68,41,91,16,85,56,55,40,52,55,54,47,61
78,27,79,77,6,5,70,25,7,17,92,90,16,99,75,21,83,64,12,36,65,39,48,97,63,94,53,42,5,55
61,2,70,80,51,38,14,73,71,44,1,27,49,10,72,8,41,43,1,18,69,93,83,30,25,55,5,14,75,51
64,95,70,92,32,13,15,9,23,44,44,51,44,66,32,89,73,23,35,6,69,36,36,10,79,68,53,22,96,13
4,78,82,86,25,52,75,32,34,39,38,79,17,96,86,64,73,68,78,46,15,9,22,89,34,86,76,78,49,28
89,9,50,5,28,65,93,68,15,15,20,48,73,52,49,57,48,80,66,40,62,57,66,45,10,75,66,26,47,0
25,63,87,37,39,73,69,62,78,12,68,10,16,28,41,98,1,11,89,38,28,22,53,60,49,43,84,85,37,51
99,90,76,66,14,87,19,39,33,41,94,17,96,17,61,72,59,47,91,94,39,92,84,81,77,54,97,80,2,51
23,95,38,13,36,52,49,98,14,11,1,10,6,43,49,91,4,8,38,39,25,78,27,6,5,22,20,75,23,58
68,65,28,28,87,34,61,41,28,37,41,71,41,65,81,29,5,43,73,14,6,46,94,0,64,93,26,25,67,61
47,84,30,92,85,42,15,93,84,23,83,70,24,22,25,59,98,72,87,59,90,57,70,73,64,6,75,92,89,82
75,29,64,14,66,42,80,81,37,83,19,89,8,74,25,26,37,35,56,83,30,98,22,95,82,53,24,97,50,91
71,64,21,91,82,12,36,50,18,21,48,37,24,24,3,26,7,46,80,92,32,83,13,5,90,55,95,29,53,28
73,46,23,61,90,62,90,39,6,98,92,84,63,21,68,100,24,34,88,85,29,37,27,18,62,61,23,7,2,48
37,99,95,50,65,53,0,34,31,96,95,86,12,59,51,13,45,22,78,42,66,51,58,38,24,22,64,55,12,31
23,29,63,11,56,85,40,44,96,72,14,91,27,81,62,5,1,2,71,45,35,69,71,55,75,5,30,3,61,27
53,81,70,30,82,68,52,71,89,33,58,58,0,26,78,38,13,37,100,28,69,13,35,17,96,47,28,67,17,46
40,98,53,18,11,44,89,2,73,43,9,48,21,41,77,24,30,97,88,95,21,88,76,74,82,25,20,94,95,86
0,67,76,73,7,17,72,89,71,53,47,99,0,86,71,36,0,42,75,17,39,31,72,30,40,45,56,40,98,64
14,64,7,97,9,55,90,77,0,70,14,67,49,12,58,49,72,76,100,39,86,17,81,54,42,44,68,16,3,20
67,69,89,10,28,72,83,86,68,84,28,32,26,62,3,44,79,29,83,63,61,91,55,54,20,47,70,67,25,98
39,66,69,54,59,69,30,49,56,65,39,43,97,43,55,81,46,12,56,47,79,6,55,10,57,36,26,12,70,9
65,72,20,34,95,50,8,70,82,34,52,30,55,86,88,70,13,48,85,94,65,64,45,87,19,78,32,69,4,8
90,72,0,16,44,42,63,94,25,70,62,96,17,31,62,19,1,48,94,95,19,17,71,32,77,12,36,51,19,68
42,85,45,72,39,78,87,52,58,49,29,8,24,79,1,48,13,37,5,46,25,33,88,39,47,46,11,93,90,99
5,99,37,62,97,9,55,14,87,30,27,94,17,54,81,11,61,69,14,2,6,8,72,71,48,64,94,53,94,44
12,36,90,38,86,17,84,8,8,67,61,2,20,38,89,53,48,52,2,63,23,14,67,74,84,58,27,60,79,23
61,40,60,19,92,80,79,36,60,74,20,82,72,70,37,55,71,58,78,74,1,15,69,10,57,93,7,12,57,14
86,28,57,3,2,21,71,92,3,33,29,90,31,49,44,92,65,53,70,2,26,88,95,50,69,93,18,7,78,4
13,45,35,43,76,53,61,74,14,6,7,13,31,5,56,37,82,26,84,96,75,66,58,32,0,41,82,5,14,89
67,90,26,73,67,41,31,17,1,38,32,68,95,21,42,82,39,3,94,47,91,88,71,88,4,60,33,33,53,11
93,7,36,57,37,18,60,98,43,51,31,52,74,74,32,5,63,6,87,92,94,43,43,78,84,33,18,65,32,43
36,19,69,9,24,16,35,81,33,91,44,58,31,28,48,9,53,76,36,21,31,74,26,51,27,96,57,11,49,75
13,7,85,70,18,17,49,86,23,31,70,73,34,74,66,73,64,81,46,33,78,31,58,56,79,17,81,88,65,58
85,2,22,13,18,69,85,59,14,71,88,74,7,47,99,78,15,92,7,19,18,91,18,28,56,16,17,81,11,1
52,27,57,55,44,33,66,49,66,15,11,24,41,64,4,58,7,40,42,60,56,51,95,7,34,90,71,39,43,66
57,69,13,92,42,88,54,84,28,34,38,78,70,48,71,83,53,19,73,57,13,15,42,39,52,28,44,94,76,7
27,31,97,94,47,32,17,73,16,82,82,11,98,20,8,27,42,37,13,45,78,51,74,20,45,87,84,30,75,38
62,76,54,58,1,19,6,79,3,77,9,94,18,9,31,25,35,34,3,9,67,89,23,20,59,60,77,60,79,74
71,8,97,65,12,49,36,44,91,16,99,37,41,76,60,68,98,35,93,75,89,36,23,21,99,92,91,73,80,10
88,2,19,35,82,41,97,23,98,8,26,82,50,36,76,17,95,37,97,32,99,9,5,42,22,16,78,42,69,36
99,53,20,94,70,64,5,77,92,94,27,0,67,5,28,12,41,84,90,73,86,35,9,4,56,82,12,86,32,12
68,8,21,67,56,11,47,61,69,19,26,3,79,12,87,35,96,53,6,95,82,11,19,18,18,8,62,97,86,67
72,76,39,18,46,23,18,25,1,44,62,16,92,100,14,60,59,62,30,57,9,91,77,9,43,13,89,79,68,77
84,15,80,86,100,28,92,3,91,97,73,6,92,35,12,30,23,45,51,82,72,81,77,39,7,60,96,51,44,16
68,69,89,77,56,20,43,7,20,8,45,57,44,44,73,31,47,80,18,44,38,42,66,92,64,63,62,48,74,54
73,48,52,87,88,16,72,99,46,3,100,31,53,6,84,82,20,93,23,65,11,17,90,78,70,78,40,28,22,2
25,32,52,100,2,89,91,53,56,94,64,87,21,86,68,4,83,75,93,2,34,51,90,92,48,46,66,71,81,84
26,48,65,79,58,39,32,53,66,88,54,63,87,77,61,2,66,28,41,33,26,6,3,37,22,62,60,46,50,15
62,15,36,74,4,54,30,84,26,42,57,69,73,72,32,100,90,74,33,15,82,60,98,75,43,59,5,40,36,18
53,61,18,66,22,5,51,33,2,54,83,74,80,65,46,11,18,59,97,33,41,66,95,9,84,83,93,29,18,73
46,96,77,44,79,33,15,24,68,87,24,66,88,8,46,76,77,66,52,53,40,23,33,67,85,10,13,55,24,40
80,42,70,12,9,57,29,53,56,62,72,89,1,94,28,67,43,98,37,67,25,86,65,70,10,97,67,13,36,87
50,46,2,63,40,57,63,67,31,85,76,30,39,77,52,24,41,28,26,22,70,27,32,69,41,50,94,18,26,37
68,73,10,96,63,98,100,43,56,62,75,38,37,15,57,34,22,34,45,45,36,74,93,45,90,45,81,84,14,75
15,89,30,25,96,23,10,33,77,32,26,13,95,14,64,17,98,66,37,90,84,44,46,44,73,90,71,55,3,25
67,62,46,40,20,37,78,25,64,86,53,30,34,28,26,8,57,76,49,9,80,27,20,22,19,96,59,44,59,2
26,51,87,14,15,20,56,41,85,72,97,95,8,11,26,18,69,84,32,36,19,18,35,30,62,90,72,57,37,28
63,56,41,24,48,97,57,26,70,90,55,94,68,28,28,11,95,76,84,69,22,18,82,15,14,0,59,20,29,8
32,0,92,24,99,83,16,49,4,98,33,1,61,63,48,31,100,27,97,66,38,92,74,42,89,25,35,58,37,52
45,65,35,87,95,95,11,82,25,10,55,64,73,4,81,83,76,37,80,59,76,2,76,9,79,93,10,89,13,12
29,10,47,4,24,0,47,14,12,6,92,49,95,77,98,61,12,70,78,27,6,10,46,81,43,44,96,88,16,20
100,85,15,15,88,11,18,31,15,28,19,12,81,21,45,17,75,95,45,2,37,94,94,50,43,85,34,29,52,82
94,95,23,97,58,72,28,78,65,59,23,52,76,48,33,17,35,89,80,41,53,49,17,46,45,73,78,21,97,45
97,35,37,95,5,86,94,49,2,77,40,65,41,82,16,8,96,33,99,70,35,86,39,83,4,5,86,63,1,74
74,72,90,69,83,50,57,40,74,98,37,76,13,99,97,52,20,17,76,4,73,8,73,85,23,15,30,3,11,19
80,71,58,49,31,48,82,80,65,34,92,23,53,9,38,46,25,65,62,79,98,87,17,12,4,40,3,48,20,20
26,70,9,71,73,80,45,92,20,58,96,96,7,16,17,94,66,36,52,69,68,86,90,26,7,36,57,81,45,62
4,60,53,27,91,58,86,33,72,74,67,23,88,72,82,79,99,5,28,57,64,77,90,78,8,40,97,51,37,71
57,31,66,3,87,22,95,68,44,67,83,2,40,64,5,71,12,67,86,32,62,91,73,97,19,97,68,12,80,74
55,19,53,31,45,53,30,64,4,4,33,7,92,27,49,65,86,34,6,97,67,77,30,21,2,82,92,74,23,99
86,62,73,55,28,81,96,24,98,81,40,65,10,98,83,30,10,52,45,84,42,61,2,83,75,40,29,51,26,69
5,3,69,76,7,27,80,13,60,61,14,25,95,60,78,26,83,77,18,76,8,97,8,95,4,45,3,93,35,5
10,57,7,76,25,55,56,66,78,93,8,34,79,72,87,66,95,87,55,86,10,4,46,93,38,13,40,30,41,73
21,56,50,42,34,36,4,6,65,19,58,74,52,5,65,76,95,53,23,37,13,66,3,47,9,94,47,3,100,7
63,88,30,20,97,69,13,79,4,7,76,57,61,63,73,5,30,11,58,86,29,0,25,61,49,60,97,1,85,69
27,52,84,27,21,70,97,2,70,48,85,20,10,80,58,2,79,30,73,2,52,32,33,27,71,45,67,1,43,2
87,26,13,45,41,6,28,69,99,21,65,41,33,55,69,96,64,19,78,61,95,23,81,89,72,16,10,96,71,8
65,3,24,38,2,7,39,37,33,81,66,19,75,1,76,90,38,23,69,35,70,30,35,74,78,66,17,85,99,50
41,94,93,79,79,20,13,70,56,18,52,40,13,38,27,49,28,86,87,17,32,70,22,37,90,95,11,37,46,60
86,75,57,61,13,21,13,5,47,20,37,71,61,35,26,37,55,2,41,18,77,12,94,4,35,64,19,11,26,75
55,67,56,17,51,85,23,66,4,27,90,26,57,75,25,18,36,68,51,88,3,89,78,24,90,52,25,29,50,38
18,10,27,49,92,71,95,30,69,67,71,84,62,52,83,40,57,73,2,18,75,97,86,42,13,13,65,63,50,81
27,43,77,1,12,28,22,86,80,42,14,75,34,91,46,26,44,57,83,66,50,64,38,87,78,76,47,58,35,41
74,23,41,100,68,65,67,34,31,56,60,65,22,79,57,68,41,32,44,95,67,54,23,58,32,78,29,13,0,92
93,62,7,55,33,98,57,35,82,12,47,75,83,58,96,19,25,13,11,98,64,49,47,86,80,93,19,49,44,82
66,59,48,47,68,78,0,72,77,40,54,99,71,38,5,77,81,87,87,55,29,93,79,66,87,58,53,63,26,4
41,64,88,38,45,59,49,31,46,28,24,98,66,4,61,40,40,69,1,8,83,58,9,76,22,57,64,77,69,40
90,23,58,40,82,96,23,73,94,3,94,98,30,10,49,46,87,19,22,86,100,41,11,13,24,74,13,76,54,35
62,82,88,73,51,58,36,60,90,38,41,52,56,11,27,9,98,33,71,70,95,81,36,19,38,31,49,59,23,5
