x1,x2,x3,x4,x5,x6,x7,x8,x9,x10,x11,x12,x13,x14,x15,x16,x17,x18,x19,x20,x21,x22,x23,x24,x25,x26,x27,x28,x29,x30,y
40,10,50,80,1,9,43,46,73,82,25,57,56,44,29,80,39,6,71,76,22,16,4,99,4,22,84,53,90,76,7347
91,25,99,25,3,23,1,46,14,72,73,63,38,100,88,48,8,2,48,95,88,33,57,46,48,91,96,24,32,77,7512
25,80,79,44,10,2,79,1,73,80,26,45,26,26,32,29,13,91,33,58,60,60,37,6,90,9,56,8,29,58,6466
26,72,34,67,63,11,74,82,89,92,28,24,5,82,50,5,61,65,3,90,26,35,84,85,47,43,96,94,43,75,10706
6,100,37,87,87,92,44,78,55,59,4,39,44,75,31,95,74,26,64,46,80,45,29,25,21,55,47,11,29,39,7379
7,81,90,29,50,54,68,60,1,73,100,69,0,70,10,69,39,79,66,44,73,61,6,74,98,6,39,89,42,23,7790
5,44,48,22,85,46,20,38,59,41,20,100,26,26,39,71,48,92,82,70,27,23,56,24,19,40,15,40,7,12,6518
81,72,32,92,5,5,96,78,20,38,82,29,44,88,30,36,27,74,8,85,55,17,14,79,61,73,39,66,98,60,8447
16,86,64,83,91,69,86,59,57,23,11,37,23,74,94,82,4,66,38,4,48,3,51,40,38,73,89,3,44,11,6819
3,54,96,78,14,3,59,80,74,34,22,77,53,81,88,8,51,38,54,20,79,2,75,11,26,60,95,43,23,92,8638
29,18,51,17,90,95,83,72,97,5,31,14,43,94,0,28,7,17,62,16,69,11,27,55,76,61,62,61,62,44,7063
34,75,8,98,85,33,66,92,53,8,94,77,73,9,45,8,19,7,54,6,51,4,82,76,58,86,38,36,97,70,7777
57,86,48,5,3,45,55,44,92,33,93,6,56,66,80,32,62,100,36,80,47,9,52,52,92,33,61,2,89,89,6114
80,23,50,1,31,95,18,94,27,13,66,10,67,15,74,96,76,70,4,37,86,79,20,12,38,64,80,41,45,49,7516
41,15,62,88,78,37,90,80,2,41,12,49,13,90,98,2,33,69,43,81,67,77,93,83,71,59,79,37,3,45,8731
96,42,26,74,58,13,56,85,86,88,41,94,14,21,14,52,45,22,10,94,90,40,92,52,5,40,84,96,41,67,7669
54,69,30,60,97,29,23,79,40,65,13,95,72,70,8,52,49,8,51,82,77,32,7,82,27,44,54,48,71,94,7140
62,84,92,45,97,13,39,53,25,99,13,31,98,62,89,69,61,65,49,78,94,94,4,95,82,68,54,12,68,34,8260
14,1,84,21,25,77,59,21,55,53,31,56,99,75,97,27,96,22,95,18,84,91,61,66,51,24,50,16,70,48,9054
67,84,64,32,55,60,89,50,78,36,97,18,15,70,75,84,56,80,40,61,13,63,31,2,62,39,87,14,25,45,4990
65,43,96,65,1,0,78,59,94,72,24,18,58,21,57,20,1,86,66,28,40,90,70,85,55,99,36,74,84,11,8789
89,40,19,54,41,36,0,36,48,49,71,54,6,61,82,51,11,29,5,65,71,12,44,32,98,13,52,13,56,71,5978
14,12,3,76,13,77,68,75,63,82,80,99,92,100,7,21,47,12,40,54,88,40,3,95,85,55,28,19,89,79,8787
89,34,21,69,86,76,81,58,58,20,69,34,54,31,96,81,29,85,28,57,41,60,51,50,79,60,47,96,22,90,8352
91,28,51,92,51,23,66,64,28,96,67,48,78,47,90,50,17,23,95,27,63,33,14,85,9,78,5,37,19,83,8614
78,2,53,43,94,19,3,57,92,77,6,34,26,66,65,53,10,37,87,60,76,53,23,81,82,25,54,67,90,31,6237
63,1,50,51,47,22,92,67,39,39,95,75,55,51,13,53,3,51,70,3,20,71,67,15,1,39,39,37,68,42,7244
1,68,39,5,14,61,80,10,74,80,37,71,94,57,42,85,19,77,23,90,24,29,85,47,98,88,68,17,88,2,6384
64,44,39,19,10,98,46,79,85,85,93,33,9,8,58,4,8,29,75,4,6,92,51,38,16,0,51,72,11,17,7128
71,97,1,98,14,91,81,84,56,15,51,32,16,69,57,44,84,44,92,76,60,3,98,68,53,25,18,9,62,62,7514
37,24,28,58,95,14,24,25,38,13,100,22,30,93,3,47,16,58,99,10,68,18,24,41,87,19,87,93,36,75,8582
3,62,70,47,50,33,76,52,18,28,38,41,52,1,94,77,13,44,60,71,86,77,58,63,87,38,31,92,2,68,8725
7,94,96,71,74,19,59,89,11,33,50,90,93,74,7,35,33,23,96,49,3,33,39,61,50,80,61,43,57,0,6504
19,63,47,71,36,39,100,20,47,87,87,78,22,7,98,63,89,8,14,36,36,15,18,35,47,11,70,55,9,98,6654
79,66,27,73,29,70,17,46,11,28,74,30,19,85,79,18,51,27,55,94,1,3,54,19,75,69,54,85,51,94,8959
73,38,76,77,61,81,11,60,27,87,61,99,23,91,96,57,34,37,83,74,35,92,54,34,61,93,87,88,19,95,10075
6,72,92,67,49,88,6,38,82,8,39,56,98,41,54,61,80,6,85,80,2,96,4,56,29,15,48,82,100,84,8455
3,38,1,51,12,74,97,51,60,18,43,89,97,2,26,31,89,5,40,48,54,78,36,5,46,25,29,26,50,27,5393
54,90,79,1,41,76,23,77,49,48,65,17,80,61,16,9,16,30,13,35,51,12,56,38,86,84,46,58,49,22,6966
64,36,54,76,29,67,2,20,2,69,68,83,2,29,56,59,13,72,25,21,21,50,88,55,65,16,53,83,14,32,6981
5,14,71,32,38,33,56,71,44,35,65,38,30,95,70,78,9,12,60,68,75,30,44,0,4,30,85,48,9,98,6724
61,80,52,74,36,63,12,8,82,86,59,96,65,32,3,16,99,6,37,37,22,45,79,72,26,65,86,78,90,3,9226
76,69,2,36,22,44,54,34,36,85,54,47,98,93,91,75,94,90,30,76,72,76,22,83,47,16,44,13,20,68,9425
69,61,37,70,90,77,50,63,17,17,49,37,28,39,55,94,83,35,31,50,16,73,93,98,46,26,30,13,90,4,7688
93,26,96,33,11,56,96,96,17,55,34,34,47,22,75,31,42,10,67,31,53,6,81,22,12,82,25,48,54,45,6480
24,60,84,49,40,45,97,19,54,49,35,48,27,1,42,54,13,5,12,45,17,83,5,3,1,52,7,76,83,7,5418
77,58,44,44,96,15,10,92,6,100,3,33,76,59,68,21,51,59,35,21,24,44,62,38,35,68,17,95,10,9,7641
52,96,75,49,94,75,92,72,14,92,41,90,54,57,94,44,56,82,29,49,29,66,73,20,45,63,90,1,81,89,10564
60,58,51,100,97,22,36,90,83,46,59,14,90,84,48,50,31,75,10,31,86,61,68,60,69,85,24,2,39,29,8365
92,73,34,3,88,49,71,29,74,43,93,16,70,82,17,79,61,22,26,12,20,78,24,99,20,73,52,91,93,76,7705
95,14,51,36,1,23,18,5,21,33,40,95,58,47,34,69,52,68,55,16,24,15,0,24,74,31,50,19,6,89,6306
48,87,39,6,38,39,13,99,91,56,38,42,76,33,13,94,87,32,14,48,77,35,93,89,5,61,41,93,52,3,8483
9,20,24,75,66,72,73,50,53,38,74,81,41,76,69,64,57,20,3,6,49,31,46,95,16,6,27,98,81,80,6991
46,0,15,88,62,10,85,23,96,19,90,3,66,69,57,10,53,49,51,78,47,85,97,32,35,74,61,66,84,82,9192
20,98,38,2,49,88,97,54,99,59,77,31,5,19,95,72,1,69,26,67,72,45,77,48,93,25,41,64,54,36,9578
76,82,49,65,24,12,57,56,78,40,59,75,49,12,67,97,31,36,39,85,53,57,89,64,42,82,32,43,90,66,8260
84,84,45,84,63,5,33,99,63,99,50,44,75,24,20,50,67,86,77,94,98,85,5,22,1,43,79,35,33,18,9590
71,47,28,93,7,17,36,27,35,37,57,24,96,69,18,61,77,61,22,96,29,47,14,78,97,87,79,88,53,39,7556
52,36,91,50,12,11,51,49,86,82,51,55,45,64,11,3,80,37,100,34,78,96,23,97,84,9,19,58,5,100,7850
20,70,30,5,47,47,45,66,3,44,35,29,97,48,85,74,69,20,45,11,55,29,74,50,27,48,49,5,88,61,6643
17,14,71,97,78,43,69,15,95,29,6,45,23,44,59,29,3,7,19,79,4,50,86,96,91,99,19,0,79,75,7717
2,98,72,78,38,99,64,88,5,33,81,51,51,92,84,93,25,52,67,13,75,58,3,38,58,86,85,91,88,78,9017
45,38,23,63,92,63,81,51,85,13,11,31,51,24,19,11,31,87,31,84,89,74,97,10,62,45,32,14,24,98,8333
87,58,57,96,7,70,100,72,79,45,61,33,81,22,37,78,53,77,63,9,92,31,19,12,37,21,73,69,10,26,7605
8,14,46,69,16,59,50,51,7,15,42,61,98,44,26,68,84,82,9,82,83,93,23,39,67,27,93,48,55,5,8518
56,9,66,19,64,6,30,77,48,1,71,72,45,57,19,59,3,90,83,93,79,81,70,8,14,9,61,61,12,22,6307
23,86,47,23,27,22,13,46,45,33,16,61,25,19,96,45,90,44,27,27,63,5,56,47,51,34,72,76,52,66,6496
81,75,51,18,45,39,62,56,34,37,62,91,69,86,24,56,41,59,43,9,82,67,31,95,48,91,43,26,16,2,7276
8,96,10,92,32,15,9,47,51,10,54,23,85,71,64,82,67,97,83,46,82,82,12,22,65,11,8,39,91,79,7459
89,53,97,78,18,51,75,52,11,36,63,63,43,69,37,12,99,48,23,39,33,20,66,84,80,39,89,24,95,13,7735
13,98,30,92,77,68,49,94,46,25,0,49,99,35,22,44,32,75,22,98,53,26,2,52,52,79,50,9,16,87,7175
7,94,58,14,54,76,43,60,61,15,95,91,31,19,70,30,85,68,3,67,90,83,55,41,54,67,98,47,78,13,9649
41,23,91,58,0,44,18,28,36,36,19,19,30,28,9,67,55,99,95,22,76,72,38,8,41,57,69,5,62,35,7990
43,56,77,43,12,67,19,43,12,60,62,91,70,66,19,13,21,41,62,60,43,50,28,68,79,32,71,95,5,29,8322
19,13,30,33,73,49,88,27,17,61,54,39,56,14,8,86,54,50,1,95,25,96,47,43,51,52,25,84,67,93,7793
76,9,71,44,92,14,18,35,41,51,7,33,50,15,21,83,19,74,91,42,81,54,34,10,84,4,63,41,31,64,6794
1,47,40,71,31,73,67,40,97,72,50,70,89,5,46,56,77,77,46,26,71,100,24,36,79,23,82,40,45,38,8990
23,82,37,50,95,90,96,89,94,86,54,44,51,64,67,93,66,51,84,65,5,17,35,89,50,21,87,20,32,29,8172
64,82,63,20,92,31,23,48,64,4,57,92,37,34,37,37,64,9,97,32,49,90,59,62,14,61,29,56,82,58,7210
73,30,72,45,90,74,34,90,85,22,37,94,66,12,77,4,65,79,93,90,1,74,38,19,14,63,26,72,24,55,7146
62,78,22,78,67,90,73,69,61,65,22,64,98,23,76,60,6,65,48,64,13,56,88,74,12,92,30,59,76,95,9249
74,31,68,77,73,89,42,90,70,23,79,61,10,60,32,93,82,20,33,46,35,29,61,83,2,41,14,96,11,5,7955
23,85,11,5,98,6,33,1,38,99,21,78,41,97,49,28,68,13,27,35,9,95,52,22,71,76,72,96,25,86,8525
79,16,24,48,42,34,97,46,15,50,65,8,93,89,88,54,39,27,7,41,60,57,98,51,96,43,7,14,66,4,7550
79,74,53,40,86,83,21,47,35,46,19,95,21,84,68,6,73,66,41,9,37,80,20,14,0,23,92,93,72,8,7072
16,83,83,22,13,2,77,14,68,29,19,91,59,38,39,15,54,45,57,35,97,8,4,58,45,98,45,93,19,36,6706
47,84,22,58,44,2,12,6,66,88,45,33,38,38,29,88,14,59,54,16,42,6,10,33,7,45,46,45,9,53,5196
84,55,16,41,89,85,58,93,67,88,14,64,49,70,59,13,9,23,69,87,68,96,69,54,48,100,41,12,23,58,8990
27,89,47,63,98,18,5,24,73,93,69,61,66,75,0,63,77,18,70,31,3,33,11,75,14,38,43,90,70,29,7874
69,42,85,35,5,95,27,31,76,71,56,56,73,17,79,15,81,53,71,50,47,29,61,52,39,43,3,90,98,57,6538
91,100,22,53,72,99,95,53,50,30,88,3,65,8,60,6,89,56,40,68,19,34,77,66,62,56,48,72,8,10,8943
8,24,73,78,61,81,55,17,41,55,42,47,58,60,83,26,46,57,9,58,84,33,4,73,54,50,18,78,9,53,7354
66,92,91,36,13,64,33,35,43,6,4,63,59,65,44,52,52,18,20,35,35,55,41,39,53,26,21,88,67,17,7070
100,18,30,46,58,18,47,96,46,81,54,7,70,37,65,25,12,55,4,42,74,17,38,8,46,65,65,27,15,80,6779
41,61,85,60,24,84,2,37,30,6,84,78,63,79,98,53,15,63,83,82,54,7,36,37,36,97,18,28,85,44,5930
2,81,57,96,50,90,78,62,98,47,47,27,17,94,31,3,39,10,64,33,64,61,78,45,10,48,48,19,58,51,8555
13,11,83,80,38,55,39,34,58,26,89,50,30,80,30,75,30,68,55,8,78,56,9,15,48,40,97,66,62,65,6647
92,51,40,20,59,39,67,4,90,63,49,77,14,97,22,77,95,58,90,90,65,58,73,25,96,81,32,13,98,1,7718
71,28,45,46,68,95,24,24,65,9,95,78,24,52,60,49,83,1,72,2,93,75,51,30,93,80,16,11,47,81,6705
39,21,100,63,70,42,56,23,81,2,73,30,24,6,91,63,37,45,74,8,24,83,35,87,25,14,88,94,82,75,8117
14,18,99,64,50,19,76,74,96,10,93,99,91,66,11,87,4,69,43,83,8,49,60,55,13,90,90,3,15,81,9347
73,15,74,48,7,26,96,78,99,20,8,6,34,69,13,47,76,81,55,79,81,4,54,35,41,75,13,91,35,46,6377
4,54,75,29,50,96,28,13,38,27,18,57,57,58,66,82,61,27,75,77,24,33,83,64,34,99,13,85,83,46,7298
83,51,41,95,45,45,18,64,72,46,80,43,89,56,44,41,55,18,80,24,35,96,24,29,96,46,100,52,33,37,9612
20,7,26,4,81,40,8,33,56,97,68,23,78,89,52,73,79,16,72,32,30,97,68,67,90,84,64,24,91,16,9109
31,43,23,76,87,40,10,64,16,21,17,57,14,73,21,34,88,72,70,2,78,81,54,8,13,8,26,40,53,75,7090
35,82,95,9,80,44,33,86,45,63,94,48,50,61,69,52,94,9,30,18,63,97,14,80,86,97,52,96,37,37,7885
72,81,54,47,50,42,65,7,15,32,70,95,75,16,69,99,34,8,51,17,53,5,69,78,65,5,27,59,67,82,6569
26,28,84,14,74,63,93,86,38,14,38,65,97,0,74,93,26,99,79,85,90,53,14,89,40,99,74,74,72,22,8823
2,65,38,62,81,37,48,6,15,88,59,60,32,72,89,94,1,11,91,5,4,69,58,12,69,13,10,69,59,43,8004
18,4,79,44,39,11,20,5,16,55,65,93,36,66,25,31,99,1,13,80,30,61,6,31,49,60,28,64,22,16,5765
2,14,68,2,89,58,66,6,67,70,13,58,75,63,5,96,12,51,46,23,87,88,27,22,51,28,36,63,80,3,6777
47,80,30,55,28,34,92,27,38,40,46,18,46,82,88,83,51,87,83,4,82,32,54,7,49,93,95,78,76,28,8555
23,3,63,18,81,26,26,28,41,16,98,10,85,72,96,4,1,56,77,99,40,12,13,83,24,79,60,46,35,51,5963
31,40,56,76,91,39,61,92,13,23,71,20,96,3,60,22,46,70,37,13,7,66,67,99,54,37,28,54,23,56,8956
37,56,6,76,70,41,98,89,93,11,19,65,37,77,60,89,50,56,81,84,27,41,2,99,36,12,34,16,100,71,7239
45,3,10,31,44,12,35,69,55,90,68,40,59,28,77,54,62,6,90,61,86,30,27,99,26,19,14,92,60,86,7520
9,58,44,93,24,69,91,34,42,5,98,28,66,52,35,17,78,8,32,93,41,9,26,73,56,70,93,54,58,74,8437
56,64,28,55,77,62,66,71,80,7,3,64,50,63,50,15,6,46,70,60,3,65,27,49,46,5,47,27,93,29,6101
52,84,55,38,60,32,23,99,99,24,9,30,23,55,95,35,89,26,79,32,13,11,97,99,90,75,22,68,78,64,10445
90,91,14,77,85,97,18,23,97,13,82,37,27,22,17,15,99,46,27,39,28,3,14,50,20,43,31,63,96,36,5136
98,19,62,2,17,43,16,81,39,16,82,16,11,77,2,35,16,99,49,67,57,98,50,6,31,1,10,41,42,95,7035
59,21,55,7,26,85,36,97,49,14,21,84,77,48,4,91,94,14,62,4,2,67,38,27,88,56,91,1,33,32,7521
53,69,31,31,94,98,60,29,93,38,10,75,70,30,87,73,81,73,33,82,91,36,42,17,65,74,71,42,31,96,7092
66,43,88,33,45,34,12,18,61,97,16,59,55,96,38,5,76,82,100,52,79,42,31,33,73,67,85,41,16,14,9340
9,53,83,4,59,72,57,55,48,100,82,63,68,62,8,8,42,48,12,64,44,22,34,81,65,88,95,14,82,85,7968
12,76,64,18,41,51,29,28,55,88,18,49,9,47,31,11,90,67,47,46,49,60,23,51,39,95,73,76,15,22,6758
39,94,16,40,93,6,81,83,60,41,74,62,4,45,85,35,85,85,18,82,58,51,43,13,67,29,93,41,83,79,7676
52,100,74,68,5,13,17,19,57,92,57,79,28,80,86,80,28,68,47,99,53,36,96,70,23,33,87,94,73,78,6717
15,82,87,31,43,89,82,44,27,58,34,88,9,64,49,16,61,37,21,90,13,3,52,38,5,39,81,0,60,16,7275
85,36,73,52,9,72,95,2,58,89,92,26,24,85,74,38,54,56,40,53,48,11,88,13,77,27,31,44,17,100,6892
84,98,79,10,87,83,65,41,60,80,3,3,48,54,24,84,17,19,57,9,61,18,24,50,64,65,91,100,10,57,7986
21,41,95,29,53,43,54,29,43,31,68,0,98,74,90,78,63,74,92,89,56,96,91,21,49,23,54,85,22,82,10458
22,95,71,31,28,97,10,33,78,27,38,54,65,48,58,77,94,38,39,95,8,47,18,1,92,87,6,10,93,21,7626
87,66,22,85,41,40,46,50,78,33,81,85,0,42,98,83,55,18,43,40,65,62,29,78,78,95,91,51,75,12,8052
42,63,79,58,30,57,81,21,70,100,29,97,61,22,97,100,68,93,18,95,44,62,12,8,90,44,1,80,72,40,9631
91,29,54,80,29,61,68,88,53,12,40,61,83,31,41,84,54,26,40,34,70,51,42,29,9,21,51,47,1,81,7342
88,2,17,85,19,19,31,34,23,42,8,25,95,43,20,44,15,24,62,1,97,25,56,33,64,45,53,39,83,34,5666
35,70,23,54,42,31,35,45,48,63,6,45,95,67,12,12,84,60,66,46,92,42,63,7,68,7,66,59,75,89,9055
10,18,62,27,70,2,35,72,97,92,40,44,24,100,47,54,61,33,3,79,21,49,14,65,79,95,47,8,58,17,6177
63,5,72,10,45,100,66,24,2,100,17,27,94,7,38,13,29,68,60,51,56,86,99,53,60,43,30,90,5,54,9020
58,44,71,46,29,57,68,76,92,4,47,36,15,64,6,53,3,85,84,56,55,12,51,57,31,54,93,30,54,52,8116
26,75,21,6,88,42,1,26,24,9,96,93,54,66,47,96,69,86,62,20,69,64,52,86,50,63,12,13,47,83,8644
55,84,49,90,3,40,62,7,97,12,4,40,1,55,91,33,85,64,38,38,31,26,72,48,89,94,7,28,82,65,5619
29,96,40,10,22,30,12,86,98,49,59,51,49,17,96,33,27,62,71,45,4,87,26,35,66,33,46,66,9,45,6911
54,72,13,46,40,84,7,91,46,33,19,82,38,63,95,79,16,72,42,40,50,31,20,33,68,63,16,45,90,98,6961
12,93,33,34,47,61,43,95,41,31,71,84,28,55,76,35,26,66,8,10,71,27,96,77,76,17,98,15,89,90,8556
46,39,6,75,88,44,27,17,86,64,17,6,74,49,57,76,29,96,10,47,69,31,32,62,80,88,60,50,12,92,7929
87,75,41,1,95,65,34,77,5,62,32,54,43,1,94,86,50,56,31,89,73,100,57,35,87,24,11,24,89,88,8286
70,16,45,54,42,27,24,66,46,30,58,62,50,11,17,51,15,0,11,71,86,53,19,8,7,62,2,96,55,26,5901
62,58,23,95,66,97,65,79,34,95,81,89,76,21,8,21,86,26,56,13,93,12,71,79,88,13,10,26,72,36,7790
8,14,64,73,74,46,71,83,98,32,95,57,38,45,83,10,22,8,34,1,44,71,82,79,37,27,19,9,57,92,5921
25,44,7,14,83,96,60,37,4,4,32,83,43,81,72,40,97,100,64,11,94,80,54,88,29,45,10,66,70,27,6754
41,70,14,44,18,96,25,68,56,47,25,24,72,27,56,96,11,92,41,56,55,94,3,66,96,68,49,20,71,56,8213
54,80,53,80,81,48,35,56,87,99,52,14,40,46,51,70,51,7,79,94,85,75,13,58,94,91,11,53,34,4,9185
80,20,76,65,80,47,96,62,41,94,86,34,14,31,24,67,65,52,96,94,53,33,12,69,8,59,46,64,18,50,6622
84,41,20,4,31,25,55,41,55,69,11,98,43,65,2,69,18,44,15,20,12,68,55,40,45,43,0,76,65,81,6577
38,35,48,88,4,52,72,20,24,84,62,13,57,18,84,73,37,63,23,48,54,61,17,88,68,82,15,80,61,7,7387
27,4,20,59,87,96,98,44,86,11,82,58,40,52,19,31,5,40,25,84,94,88,82,12,92,19,63,35,85,95,8838
98,61,93,62,32,59,14,45,42,3,50,52,4,63,51,11,97,99,2,66,76,22,9,45,59,70,35,97,83,35,7500
40,3,16,48,83,47,11,32,27,94,86,39,95,8,47,45,41,15,29,62,86,43,9,73,45,88,73,4,92,10,6331
45,60,85,14,68,38,40,18,14,77,14,89,80,38,14,97,88,94,53,1,39,33,16,39,11,77,11,26,63,24,7804
98,88,29,39,35,52,42,66,36,36,77,98,93,8,64,80,100,74,84,54,91,29,62,89,74,34,15,46,90,62,10458
9,30,91,16,79,50,47,96,56,92,38,18,6,80,28,73,11,12,86,96,51,99,64,15,23,67,78,7,73,73,8794
52,76,36,26,88,56,22,45,50,23,59,28,38,94,74,74,32,83,20,88,29,70,70,91,22,81,39,82,5,97,8485
92,84,68,20,76,38,32,60,37,92,18,19,62,29,86,46,37,62,13,81,53,33,31,96,97,60,48,85,80,91,9749
63,47,71,36,73,59,9,87,17,46,77,67,98,56,14,97,74,64,26,44,29,49,94,85,56,79,33,9,45,28,7397
19,34,76,3,66,93,32,98,75,34,52,71,14,85,59,99,73,27,77,34,49,38,17,45,44,83,56,20,54,92,9163
73,90,83,38,7,70,87,82,37,40,36,67,88,82,46,73,59,55,3,96,18,71,91,18,35,73,10,9,96,71,8207
24,22,49,89,94,41,10,96,99,28,76,95,71,27,35,23,23,5,83,61,60,71,64,15,52,95,8,78,76,1,7811
27,16,39,35,10,96,92,47,28,35,74,6,90,47,68,66,96,4,16,46,46,22,38,100,54,10,11,18,50,85,8094
81,3,56,64,58,23,44,57,75,77,48,5,73,64,50,69,66,93,57,69,89,40,33,92,77,84,27,57,39,4,7582
50,54,81,79,32,1,94,54,48,68,45,86,98,58,73,11,50,80,38,90,51,13,64,66,85,83,45,63,3,31,7024
17,56,86,77,4,61,33,4,31,4,43,5,78,69,47,86,69,54,60,56,30,84,32,7,50,7,57,58,18,29,7157
39,61,50,82,90,74,34,38,56,44,86,86,77,78,21,6,9,23,63,86,56,72,49,98,4,69,0,100,64,91,7088
8,75,27,4,47,4,33,61,22,66,98,55,84,5,57,66,86,40,63,10,63,40,9,86,65,79,66,84,86,48,8577
80,2,87,19,34,41,39,49,71,96,67,45,70,79,48,26,60,38,0,27,26,20,86,79,57,59,19,63,39,97,6617
83,7,65,35,53,70,18,44,31,92,35,5,6,94,9,66,78,94,73,24,93,73,3,37,85,21,12,59,8,77,6798
12,82,82,24,75,34,24,85,69,16,40,43,4,83,31,79,28,56,50,74,69,47,24,68,9,19,17,69,71,8,6144
47,19,72,66,32,94,62,41,22,50,49,70,17,99,91,12,39,30,51,99,78,20,19,41,82,88,94,16,68,90,7947
21,35,41,94,93,8,76,98,65,48,95,45,76,42,62,26,44,91,65,56,73,85,59,86,18,58,18,58,82,93,8221
74,42,66,84,20,70,76,41,59,70,71,11,66,82,60,49,78,37,80,70,83,80,68,38,95,65,93,73,71,75,9539
99,43,45,72,9,8,82,25,13,49,96,5,18,82,21,40,84,85,5,28,6,81,4,96,96,29,27,22,56,66,6278
83,77,57,98,20,44,46,24,5,90,66,93,93,38,95,65,8,71,58,100,66,80,81,65,73,37,39,45,87,85,9521
81,71,69,61,66,26,30,99,79,9,23,30,19,67,46,58,2,47,6,10,80,65,61,17,20,19,54,65,28,44,5837
30,3,88,34,3,9,16,14,59,46,53,24,5,66,59,5,0,54,78,25,26,35,65,85,84,37,78,85,23,60,7617
99,73,43,92,60,7,50,93,68,49,83,40,76,9,80,45,11,17,84,34,15,94,54,99,47,27,97,16,50,100,7769
85,90,9,1,23,99,70,62,50,53,56,81,88,76,71,77,94,87,28,20,74,95,47,82,23,60,69,79,46,58,11209
68,94,6,15,93,91,64,40,19,67,89,4,12,99,63,61,35,18,43,26,46,68,59,74,93,12,6,10,96,8,7538
26,16,37,49,41,24,100,8,15,96,37,47,67,72,26,9,43,29,81,12,29,2,66,53,23,59,97,38,44,90,5351
52,5,98,71,71,6,60,77,96,15,53,62,40,89,67,47,22,78,14,99,40,35,76,69,12,13,34,36,96,94,8331
48,83,94,76,38,25,90,97,2,77,49,77,47,72,67,31,84,76,13,5,23,20,78,20,34,49,28,72,7,48,6797
54,40,35,9,21,34,84,17,13,6,97,76,56,94,26,100,78,37,90,63,71,65,41,46,93,20,43,43,14,84,7835
12,32,70,49,37,81,79,78,2,95,58,17,84,45,65,1,37,39,90,97,98,27,63,69,72,38,53,86,21,45,9698
6,80,66,62,21,73,59,5,46,5,96,71,37,24,100,54,62,2,2,64,14,94,3,89,27,57,3,0,5,64,6318
8,64,100,20,61,23,67,3,55,21,45,87,52,41,47,65,87,95,73,82,18,61,97,98,72,84,61,8,92,23,7756
16,25,58,82,40,8,27,32,50,98,52,89,86,75,98,20,10,36,8,41,17,57,94,30,14,47,78,87,12,70,6786
2,96,10,45,23,17,26,55,19,24,14,86,98,59,87,6,61,93,91,77,26,25,46,39,25,53,12,58,26,27,6407
0,12,69,18,77,12,59,5,45,89,5,6,63,21,69,23,66,85,54,4,59,32,24,16,82,92,92,70,44,70,7227
91,80,9,27,44,77,55,48,64,16,4,13,43,44,6,91,67,23,26,59,65,69,65,50,96,43,66,74,70,84,7878
67,15,49,76,25,41,46,20,37,8,76,47,25,78,64,46,78,58,99,69,51,22,48,62,71,23,40,52,2,31,6026
57,18,60,27,53,82,2,7,59,16,42,23,44,19,53,35,9,33,57,76,41,33,37,47,37,27,38,39,37,57,5865
48,58,17,53,70,71,58,47,78,31,26,12,52,23,64,7,75,70,33,82,23,47,98,39,2,9,62,2,63,74,7945
13,26,59,32,40,40,8,35,20,77,89,97,0,78,47,45,37,37,9,14,59,50,18,99,12,23,43,94,35,18,4684
9,24,28,20,60,15,10,76,85,37,21,45,62,15,36,11,6,74,63,97,73,61,29,58,30,94,31,83,1,87,6543
26,27,64,78,15,10,78,68,25,72,71,29,19,85,33,97,86,100,35,45,73,39,33,82,49,97,13,48,16,53,7744
14,60,69,66,38,26,79,21,84,79,83,7,96,98,70,75,91,8,65,97,1,28,65,14,45,27,45,65,37,64,9447
11,44,78,42,20,99,87,48,35,38,13,9,10,6,91,41,39,67,74,38,94,49,36,54,72,72,78,17,36,21,6589
63,80,4,39,5,28,82,46,43,90,77,83,59,4,13,41,59,90,99,72,87,19,33,5,93,41,75,85,86,6,8345
64,99,100,14,95,65,51,87,70,90,41,89,83,87,1,71,87,9,75,45,68,31,24,19,86,29,71,84,57,18,8351
25,27,100,59,70,95,49,55,5,30,56,61,42,2,5,80,26,50,3,56,84,93,66,12,80,60,48,74,43,32,7003
89,94,83,66,32,38,61,100,23,11,25,52,48,50,86,60,51,59,15,26,32,96,25,71,31,18,83,81,56,96,8108
60,10,63,35,9,26,51,63,21,5,60,58,25,7,99,91,55,81,7,1,41,83,90,98,66,34,66,11,71,91,9276
40,58,86,64,52,17,42,10,55,40,54,36,76,81,89,31,51,81,44,0,1,81,30,8,75,25,61,31,98,25,5997
32,40,91,29,79,64,38,74,59,52,56,8,84,16,91,47,9,16,55,20,85,57,62,21,95,22,23,18,97,36,7726
28,95,30,37,79,20,25,5,85,91,5,8,26,2,70,71,11,91,50,1,79,56,27,64,80,19,65,33,33,22,5981
64,7,41,81,52,26,61,98,31,58,78,86,95,82,19,49,29,26,87,82,93,23,46,25,12,43,61,37,50,27,7373
48,40,62,3,20,48,88,74,17,100,10,34,81,16,96,71,59,48,95,61,96,44,26,39,2,32,42,7,63,54,6185
96,87,82,69,11,38,33,62,63,36,62,59,28,98,4,95,63,55,51,35,81,52,82,79,93,8,6,57,13,11,9261
91,61,90,58,27,61,56,75,80,53,43,77,83,38,73,10,9,26,30,83,11,18,60,72,88,7,25,12,100,33,8025
77,27,10,58,35,15,72,14,40,51,83,48,90,27,36,33,90,6,62,24,51,51,65,29,86,59,71,30,69,87,8118
10,89,98,9,54,20,93,69,63,12,27,33,3,84,83,83,86,92,42,98,48,28,76,44,30,48,89,78,100,98,9442
3,71,83,48,57,11,47,77,76,16,86,84,10,82,0,6,1,40,60,1,11,25,22,78,23,7,63,45,62,3,6270
87,85,71,53,60,32,94,20,10,97,69,56,33,47,88,81,47,64,27,37,35,20,50,34,22,32,96,38,3,54,7859
65,18,87,98,99,13,61,31,45,82,53,50,25,14,81,96,26,86,84,99,12,55,87,6,29,76,81,81,58,84,9569
46,8,76,46,65,14,61,82,66,93,38,84,65,3,61,17,76,75,92,70,46,96,73,11,81,66,98,97,13,70,8083
11,23,47,30,37,34,36,13,22,82,43,29,69,12,5,45,74,63,4,51,79,28,0,99,21,0,34,61,87,81,6897
73,65,88,20,27,97,51,39,17,81,53,90,34,71,59,42,27,46,97,100,42,74,98,2,85,97,42,91,42,54,9455
31,42,27,46,59,3,56,89,14,99,93,2,39,95,41,54,67,40,74,65,50,48,30,84,68,98,88,34,47,60,6849
58,69,18,81,84,8,33,26,88,63,92,25,21,65,61,44,74,74,53,32,99,40,78,84,92,84,28,51,37,38,8865
72,3,78,79,43,84,41,94,82,62,13,79,20,8,79,68,95,2,64,45,58,99,2,74,58,25,46,85,69,50,6256
10,2,7,40,9,92,54,58,6,9,62,9,61,92,25,68,82,44,68,2,84,10,54,9,22,65,14,80,51,16,5488
90,45,83,39,16,66,73,77,73,74,6,38,56,13,84,10,17,59,20,77,53,40,24,26,56,35,75,25,49,41,6844
90,57,82,45,7,11,79,84,82,83,61,28,45,36,73,34,18,88,25,33,86,79,7,14,80,27,80,81,52,89,9515
39,44,72,29,31,77,33,16,29,50,56,53,78,64,88,3,96,65,81,1,43,67,96,70,95,30,42,6,1,18,5682
53,93,59,7,18,53,92,79,45,41,7,54,47,71,97,97,87,77,100,11,26,18,8,63,39,84,61,27,40,69,7947
33,30,76,54,87,85,67,23,44,78,88,16,90,16,89,91,94,2,8,19,53,68,65,70,33,28,12,44,74,50,8544
58,66,94,34,79,84,9,56,25,71,3,63,35,81,39,81,56,92,75,41,77,6,36,31,96,58,85,13,14,97,7243
20,29,60,57,2,86,24,66,66,52,94,63,50,82,54,32,89,37,16,50,56,11,30,91,78,77,65,57,79,86,7012
90,61,99,16,74,22,96,98,88,35,88,65,16,57,30,84,10,87,94,75,67,90,55,10,58,49,30,39,87,29,7322
31,5,11,51,13,53,75,17,19,88,80,17,4,26,68,98,78,5,75,46,65,11,69,68,3,33,27,83,90,37,7208
47,51,47,78,50,96,94,15,98,67,77,66,55,67,3,58,4,92,69,48,84,29,90,49,79,17,38,29,36,53,7024
36,74,29,24,100,87,55,15,18,46,2,46,91,44,12,99,87,27,45,97,66,21,34,88,44,22,92,46,86,58,6389
4,97,23,64,56,25,88,88,61,77,52,60,70,90,36,44,27,8,95,6,44,18,50,26,13,58,83,81,97,52,7739
9,32,99,10,73,91,85,33,48,11,95,19,32,32,12,29,68,10,2,2,70,2,97,48,31,91,74,95,89,25,7495
4,95,9,1,89,80,84,7,82,25,69,56,62,93,40,23,62,23,28,4,59,64,47,22,18,46,32,32,69,14,6532
66,58,58,19,24,84,22,29,6,15,76,96,5,11,57,73,35,77,51,61,99,68,38,54,68,60,45,62,49,3,8050
57,43,95,93,30,25,75,76,55,11,70,79,35,47,72,39,46,35,68,37,4,96,80,16,84,98,55,3,12,16,7579
70,31,53,11,1,6,40,68,3,42,30,62,3,32,8,38,3,96,60,31,59,95,24,90,100,67,39,35,92,26,5641
18,23,34,85,24,49,94,15,49,35,7,74,24,98,57,37,14,90,83,7,55,41,29,66,63,9,95,95,10,94,8215
87,75,9,95,73,17,30,20,31,61,83,85,14,4,33,47,72,70,84,80,26,75,78,61,52,74,43,45,43,22,7922
26,86,78,96,53,99,54,87,24,66,66,9,13,2,48,66,4,85,53,50,33,91,62,72,87,0,78,75,58,64,6411
26,18,30,37,77,64,28,51,89,13,13,37,95,88,58,60,2,85,39,100,40,28,67,3,100,97,15,81,14,85,7428
18,53,15,65,1,93,16,48,55,80,90,64,49,33,36,49,63,53,89,56,39,5,1,82,97,23,83,58,8,67,6911
29,78,4,1,17,88,38,40,2,66,98,7,64,65,20,61,87,58,95,10,1,11,12,47,2,83,87,16,87,39,5977
7,98,29,51,54,30,97,64,68,79,22,39,21,97,59,98,20,82,64,42,82,37,67,20,26,35,99,29,50,53,8306
5,6,29,46,87,42,34,11,4,67,98,85,100,59,34,11,27,98,92,28,64,79,70,91,91,45,34,10,93,69,6778
98,70,82,72,92,85,90,24,98,20,38,72,49,27,67,94,65,66,21,35,74,48,38,97,37,9,55,42,78,41,7956
88,94,40,99,91,98,91,12,21,78,86,32,85,57,66,6,17,41,78,76,16,53,3,54,11,18,16,86,35,11,8654
52,36,51,46,13,58,86,38,74,3,6,56,39,13,65,29,92,11,87,99,31,50,26,19,65,94,18,86,76,8,8310
30,40,43,73,36,5,83,90,79,36,53,63,19,4,47,82,18,15,34,65,37,72,55,86,85,93,58,22,9,83,7347
84,86,83,43,99,39,61,8,19,16,86,5,59,16,8,4,29,44,62,92,65,77,32,18,24,63,66,34,6,75,6307
7,53,39,15,2,53,36,13,92,23,25,64,42,24,100,27,71,76,42,62,48,35,15,46,46,96,11,32,69,5,5781
4,11,60,77,82,20,51,94,24,89,61,80,50,32,45,70,43,12,63,67,55,58,35,80,71,23,72,16,76,59,8005
99,12,98,38,37,72,70,8,16,20,84,26,80,35,70,22,66,39,77,91,81,27,34,25,87,39,32,25,82,5,7962
45,28,17,88,33,23,88,46,14,71,38,66,98,22,4,98,2,21,35,77,99,15,79,16,31,6,27,85,36,71,6179
47,99,85,5,51,78,81,29,8,90,50,80,37,61,58,28,24,75,33,99,92,65,54,87,12,96,97,28,16,68,7545
5,31,93,71,10,96,6,59,31,99,8,63,70,71,69,61,85,40,22,19,81,94,76,93,81,58,88,45,19,86,10020
99,35,51,62,25,52,95,83,4,63,52,34,52,83,16,81,91,35,89,41,2,10,86,29,30,66,72,92,88,30,7196
61,65,4,85,85,78,8,61,37,14,80,44,72,40,64,27,35,97,40,42,1,80,62,81,78,3,95,24,43,30,8346
31,67,79,13,99,59,60,24,17,91,13,45,5,81,65,90,99,97,16,89,61,1,60,5,98,31,28,21,65,32,7246
5,76,29,71,67,30,45,7,22,61,68,52,47,26,7,86,35,16,30,55,63,59,99,83,35,5,86,2,46,98,8061
9,79,29,40,78,25,67,75,32,56,49,50,36,50,55,30,45,61,50,48,65,75,46,27,61,1,79,32,28,81,8845
22,21,49,46,57,43,4,1,28,9,98,15,66,40,88,13,79,32,31,0,49,16,31,45,94,54,35,50,65,40,7599
8,76,94,38,33,21,93,75,93,93,75,11,2,58,15,38,95,27,43,1,8,48,88,89,74,29,21,7,22,12,6101
36,61,66,36,11,53,75,4,40,63,51,20,17,22,66,24,10,40,33,62,83,92,1,65,98,28,90,53,2,78,7022
77,62,44,49,58,89,61,84,89,86,38,47,22,31,61,68,9,22,95,27,16,95,33,95,20,96,2,65,98,39,9622
100,30,17,31,6,21,83,8,92,71,77,52,40,39,30,69,27,99,87,23,23,44,21,97,90,34,53,88,38,64,6879
18,73,82,34,40,21,52,63,1,84,42,59,29,77,99,72,2,29,44,8,86,8,79,95,30,71,4,5,11,63,8891
55,39,52,62,42,55,64,5,81,28,76,17,94,86,92,2,7,99,20,77,94,84,14,96,22,36,28,36,84,83,8360
20,24,81,25,14,18,80,78,4,29,17,2,94,52,94,15,40,86,59,33,17,51,46,69,2,20,99,43,69,26,6553
2,34,5,27,56,89,23,54,35,62,70,52,50,71,79,48,98,15,30,92,10,70,77,36,80,26,46,19,69,58,4982
41,5,17,70,16,70,40,59,17,81,89,65,11,22,50,2,25,41,32,3,38,54,89,83,70,36,53,12,60,7,4889
63,26,83,56,40,18,91,41,62,17,45,94,87,14,29,73,6,0,69,15,97,33,69,10,15,3,53,18,19,62,6553
87,4,20,1,62,34,18,86,51,57,56,30,88,85,78,96,43,37,59,23,95,80,45,30,52,17,37,77,34,60,8394
51,73,61,8,16,4,64,89,94,18,54,70,99,81,71,81,50,5,49,19,35,77,21,1,87,66,98,33,45,24,9038
42,39,4,69,46,10,98,98,3,29,34,75,47,50,29,19,1,3,84,86,80,49,8,55,26,88,13,76,92,17,7727
4,80,19,66,53,25,2,21,76,24,64,51,81,52,98,92,45,94,79,71,72,44,81,31,84,10,12,72,44,22,8297
95,41,36,37,15,65,34,58,16,46,36,7,43,24,85,80,63,93,95,48,64,25,24,7,2,0,28,78,27,13,6145
61,96,92,85,68,50,63,90,35,60,66,78,2,35,51,75,39,40,54,67,66,82,82,10,26,1,30,22,95,34,7877
14,2,34,17,22,68,94,38,21,63,16,33,2,13,15,95,32,72,52,12,92,86,33,17,50,34,15,20,29,41,5114
69,16,87,7,63,78,35,39,40,74,16,88,22,27,66,82,100,67,17,93,19,39,33,2,59,93,29,21,90,46,8389
13,37,5,35,56,38,7,48,68,3,35,94,49,75,16,13,5,69,21,45,34,46,56,6,67,90,76,31,15,99,7599
7,18,6,90,65,86,90,76,53,92,43,68,93,53,37,87,18,11,74,34,94,40,45,56,50,1,46,7,2,94,8200
50,29,53,75,54,31,14,32,59,92,71,28,47,24,86,54,37,47,43,89,21,75,91,11,87,36,70,63,75,29,7735
66,11,17,36,85,80,62,80,41,97,53,23,33,55,60,50,32,31,7,68,32,76,2,6,41,13,1,93,64,58,6407
24,100,6,94,61,81,76,71,22,34,40,18,80,60,4,86,5,1,28,97,88,64,73,96,64,23,90,52,80,94,7100
52,71,71,21,71,33,44,8,77,39,77,7,5,38,69,10,56,85,4,93,52,58,82,42,46,63,67,57,59,29,7315
23,50,65,98,92,32,18,75,80,69,31,97,3,87,15,35,42,48,94,43,57,25,35,24,34,82,63,4,5,98,7642
90,96,37,28,95,22,99,1,51,15,80,92,68,11,15,62,6,58,75,73,96,43,49,92,68,91,19,47,47,53,8188
76,33,90,89,24,97,85,42,63,51,77,11,70,65,66,64,10,97,81,75,25,3,33,37,37,78,81,85,37,12,7693
76,71,22,36,77,41,35,58,10,2,29,71,18,4,76,8,20,57,85,1,10,50,70,99,17,83,16,85,79,61,6808
19,80,27,72,15,81,75,57,87,90,28,98,10,14,59,7,36,16,98,9,44,15,1,27,95,9,32,47,37,62,6350
32,41,4,54,97,36,72,77,70,89,22,70,3,10,68,11,8,10,66,30,71,49,97,61,33,24,30,75,51,31,6909
64,53,68,7,28,50,13,100,13,43,38,50,86,87,96,67,28,91,31,83,70,67,74,4,89,87,88,82,84,98,6830
84,73,71,67,15,52,54,6,77,12,62,20,39,71,82,79,76,8,90,58,6,2,37,22,80,13,2,41,84,45,7433
6,64,36,2,21,23,8,42,14,30,49,71,82,49,91,13,26,57,30,68,47,90,28,65,58,49,22,60,44,42,5693
78,29,5,37,56,33,84,56,53,82,41,62,3,53,43,29,19,0,97,74,24,22,51,81,43,66,83,31,91,68,7373
44,28,62,90,20,95,62,10,11,28,27,39,50,12,38,41,34,48,22,36,79,41,48,87,52,15,77,100,39,23,6229
57,45,39,9,91,62,18,4,35,40,9,22,9,79,22,44,87,93,96,40,46,21,44,91,48,7,20,41,25,89,5696
33,54,6,86,5,31,2,36,52,62,3,99,10,6,64,33,55,5,83,18,77,61,46,99,62,9,17,95,27,57,6145
40,55,21,75,38,2,3,69,36,67,40,25,41,95,47,80,83,44,31,53,24,30,0,58,34,53,16,2,92,72,7206
52,87,55,8,3,46,23,6,96,97,59,23,54,17,48,44,87,52,97,44,2,92,42,46,60,79,52,4,53,97,7743
77,24,74,49,52,79,81,80,44,79,87,18,37,13,8,39,29,25,92,6,23,36,32,52,96,21,34,55,10,78,8915
29,98,49,90,51,2,21,24,27,4,45,26,25,75,66,76,92,28,56,57,28,32,98,78,22,76,7,17,58,63,7454
22,38,42,27,66,77,63,2,5,93,37,67,96,86,14,37,25,53,46,91,30,60,46,8,49,31,39,95,98,31,8286
1,63,58,7,3,28,79,67,22,7,38,51,68,1,10,68,86,49,97,62,95,5,38,65,45,53,53,46,94,35,7099
50,71,40,47,63,85,19,70,1,30,86,19,69,31,7,88,80,77,91,85,85,63,89,31,99,79,96,60,96,8,9042
9,51,73,5,9,59,40,67,8,72,60,86,3,6,84,46,54,75,10,40,5,22,95,75,9,58,42,67,18,0,6942
68,98,74,23,76,30,98,18,70,37,21,72,79,72,64,76,95,80,2,90,47,5,74,70,32,82,21,82,51,12,8399
12,19,99,90,36,60,70,100,41,99,74,67,25,0,52,21,60,72,13,63,20,4,38,44,76,94,78,11,48,57,8465
68,80,27,10,36,76,27,97,90,74,32,41,75,79,70,7,68,52,41,20,7,90,28,13,69,83,0,30,69,22,8045
43,23,64,33,35,9,12,94,41,70,96,72,75,8,85,63,38,18,42,11,68,72,45,3,13,3,85,12,91,36,7210
6,15,96,29,97,26,76,4,78,9,56,85,100,97,16,25,33,63,48,1,32,25,81,32,32,20,24,84,85,1,6607
86,87,20,56,77,18,31,63,99,84,93,18,1,97,95,81,9,58,22,35,55,77,17,65,22,98,76,74,84,58,7590
58,61,72,80,0,77,92,87,74,58,25,77,14,20,14,71,47,25,60,37,38,21,36,8,79,20,74,90,54,18,8568
6,78,63,89,75,29,26,6,5,48,32,55,94,62,61,69,18,75,79,57,62,72,76,80,57,35,1,68,11,100,7147
64,17,98,65,91,7,85,37,47,88,20,85,70,33,36,6,10,48,11,49,77,18,56,20,26,6,16,71,26,77,7776
13,14,9,70,31,3,83,67,21,16,42,56,5,79,43,18,7,26,47,80,4,26,6,13,30,61,74,81,12,70,5850
45,56,49,52,72,91,1,79,70,61,67,86,57,18,37,99,80,77,15,23,74,73,60,3,25,43,81,82,8,14,9351
53,66,54,91,7,26,43,82,86,88,97,12,53,13,18,38,23,21,92,34,10,50,17,94,50,61,59,19,53,6,5777
96,13,91,91,83,35,12,59,12,56,46,96,80,19,89,85,20,64,20,83,8,31,8,75,10,43,18,67,82,68,7672
55,1,19,1,79,62,99,77,67,76,20,68,21,81,36,29,65,37,35,52,95,57,86,2,42,10,82,89,52,24,7011
99,84,49,70,13,79,91,47,81,39,97,72,69,9,58,37,55,67,74,90,13,48,65,48,52,2,96,75,87,14,9318
69,13,39,55,15,48,100,98,70,4,46,32,38,0,6,1,80,54,40,9,33,12,34,25,2,90,44,89,96,49,6938
99,74,27,23,85,64,35,81,41,15,89,11,1,30,23,55,98,99,57,95,70,18,40,93,38,44,66,10,12,0,6342
5,41,92,47,23,64,33,15,36,50,61,33,26,28,10,15,93,69,32,7,27,6,100,60,38,61,73,0,24,39,6221
3,56,9,54,16,26,100,45,75,75,72,91,10,40,47,29,65,65,94,77,65,64,17,92,31,94,32,15,78,47,6284
70,18,4,6,70,20,34,34,46,15,80,51,99,73,16,43,45,90,98,35,57,12,4,92,1,64,46,50,35,91,7784
68,86,17,43,46,92,30,93,55,19,13,54,78,21,57,37,77,55,1,29,60,9,58,7,22,90,5,95,20,26,6460
14,57,90,32,31,83,26,26,87,95,6,21,100,7,49,49,20,70,69,40,13,39,80,50,29,62,55,31,50,83,8936
81,72,64,100,31,100,43,55,3,51,73,81,60,63,48,49,12,82,27,51,21,89,43,67,47,72,93,87,45,98,10148
47,19,98,63,47,55,14,4,49,81,69,13,59,11,56,23,69,4,30,31,95,63,46,90,81,42,18,91,64,46,8008
39,52,38,75,15,39,40,57,35,94,51,13,25,94,8,98,11,60,28,5,76,74,74,1,89,85,56,21,76,60,7265
78,16,76,89,54,2,15,82,93,89,14,12,38,10,13,97,65,38,33,48,64,5,4,76,20,87,50,46,69,21,6158
48,78,22,23,58,85,81,10,92,44,14,80,1,33,57,21,96,31,98,100,20,26,28,30,97,81,42,51,66,56,8389
47,62,55,49,55,75,1,57,61,18,3,59,81,68,35,94,10,31,40,95,16,63,6,58,5,34,25,23,95,19,7423
62,80,52,10,55,6,81,80,95,13,44,77,47,46,35,82,91,93,59,66,3,18,6,10,14,81,54,88,50,9,6519
78,55,77,87,97,36,48,85,28,18,51,63,1,82,20,32,1,14,49,26,53,52,68,15,78,90,84,51,93,98,7709
42,99,46,42,38,32,28,3,26,25,6,67,1,11,40,10,83,56,94,47,96,1,42,79,87,68,72,57,93,36,6706
87,46,23,41,94,44,33,28,67,53,55,12,77,98,3,20,96,36,68,67,30,30,62,8,90,20,55,86,64,17,6909
26,63,92,85,76,71,78,28,48,41,32,21,98,51,60,28,27,27,73,18,35,81,42,27,49,24,63,48,62,45,8033
96,84,42,70,78,69,16,65,93,48,48,44,68,63,24,14,22,44,50,59,78,64,28,4,55,66,75,78,27,86,8754
66,38,81,50,90,92,65,99,63,41,56,57,46,4,20,92,11,20,47,66,79,36,7,39,63,32,20,75,28,94,8064
86,21,46,50,78,69,95,68,21,11,97,50,33,72,27,36,40,48,8,98,48,77,16,85,94,4,3,9,16,51,8149
97,0,29,64,1,32,64,5,26,26,9,95,22,53,56,8,82,33,37,6,89,95,88,62,29,26,53,70,67,37,6728
1,50,27,63,34,58,19,82,29,1,59,20,96,42,59,11,26,10,90,39,72,51,9,40,63,59,3,98,74,3,7454
88,95,17,70,64,52,100,84,2,77,30,2,90,64,30,92,84,39,96,81,97,17,63,28,95,82,97,26,30,88,9345
3,65,36,74,76,92,3,77,44,72,28,37,16,43,77,62,53,34,37,72,55,26,71,65,31,54,22,67,27,86,8898
23,23,77,72,2,74,99,25,29,48,81,46,41,9,84,96,63,29,82,46,44,82,50,74,52,78,59,8,11,19,7395
38,94,7,90,5,68,42,37,12,32,66,78,88,51,18,41,29,81,68,38,44,78,59,10,23,71,21,77,36,52,6554
82,85,79,59,52,92,50,34,82,38,38,70,55,31,11,21,62,94,51,66,88,2,46,41,86,100,97,47,96,24,10061
25,47,90,5,6,76,62,73,16,77,75,9,12,27,26,87,12,79,66,98,90,66,47,34,86,56,38,30,88,4,7181
76,39,65,10,40,69,37,23,36,98,34,81,81,85,20,7,97,76,3,62,95,71,38,50,22,20,32,7,54,90,8411
5,26,68,11,18,39,78,88,37,33,95,34,26,28,63,21,97,83,78,22,52,66,64,7,77,55,58,71,23,21,6422
39,2,79,40,49,31,18,39,45,70,32,99,11,99,11,12,27,84,25,57,42,18,47,43,0,3,33,55,63,12,6552
74,63,64,97,54,51,55,12,11,27,10,44,31,13,23,96,70,70,44,99,84,43,85,89,20,24,88,59,65,3,8661
96,12,74,76,44,67,78,53,30,72,79,33,3,44,21,24,53,58,19,54,94,35,49,30,91,57,65,60,43,2,7155
64,13,23,67,86,33,62,22,2,67,73,89,72,96,23,22,47,55,4,14,100,38,50,62,74,51,19,72,66,53,8300
87,31,86,52,39,61,81,68,67,3,34,7,12,91,87,75,88,27,10,83,62,67,83,90,41,71,12,48,0,84,8156
34,71,40,62,36,35,24,1,71,89,20,13,12,91,57,26,74,34,78,23,59,98,18,47,50,43,50,44,2,48,6317
56,70,22,33,2,100,83,5,6,41,84,66,16,52,14,25,56,58,37,52,12,89,92,49,47,98,77,36,26,32,8265
11,35,7,91,16,7,4,6,80,54,6,85,13,24,51,22,74,77,50,19,26,56,74,17,63,2,47,14,79,25,6358
34,15,57,86,57,50,41,15,51,56,85,65,45,93,92,3,69,52,87,89,6,69,93,9,76,19,62,46,70,41,8465
80,76,80,64,50,35,3,88,25,18,98,25,78,46,22,12,56,31,53,69,84,39,87,17,30,7,23,87,92,96,7267
99,22,11,92,16,48,79,9,57,65,82,28,89,73,82,80,2,76,60,51,14,89,77,99,94,54,59,62,20,19,8818
66,21,53,11,54,48,91,35,40,86,81,82,72,36,8,63,13,4,71,19,3,14,48,45,78,83,18,8,98,33,7984
39,63,61,67,28,15,90,91,90,91,43,9,47,63,69,46,66,52,95,38,6,99,90,75,21,97,14,47,81,98,9141
33,82,53,38,86,38,98,18,18,15,19,35,14,15,43,31,28,48,42,72,8,18,61,14,43,66,38,71,35,14,5035
26,95,85,33,65,25,29,26,56,37,17,59,9,9,36,44,6,31,80,5,68,47,83,24,51,99,75,92,34,81,7740
27,46,42,10,87,39,75,20,45,24,57,5,42,16,83,30,5,28,62,81,39,77,63,24,18,93,30,68,65,33,5383
2,7,45,80,100,97,11,3,5,28,21,11,49,53,93,23,68,45,98,92,35,17,4,70,35,40,27,22,72,28,6466
33,42,75,92,22,2,44,87,9,61,26,11,45,62,48,24,23,9,64,97,72,46,79,19,19,25,2,71,92,52,6248
64,17,92,18,11,22,77,90,27,46,41,1,72,58,65,17,79,0,71,63,24,16,99,100,73,73,79,47,25,100,8011
9,16,39,16,71,8,25,84,9,67,41,55,22,2,100,23,92,29,7,6,74,29,89,28,41,44,10,45,99,46,6292
40,27,34,87,20,20,5,10,20,10,53,97,69,78,83,85,60,22,62,77,70,39,84,67,8,55,13,95,74,59,10168
100,63,57,33,16,21,7,47,10,64,52,77,2,38,60,79,9,56,76,8,81,93,97,68,53,37,43,76,90,43,6664
15,96,86,83,42,78,2,26,58,9,82,17,18,33,66,1,66,8,27,97,50,38,51,4,87,10,98,18,13,17,5563
59,78,16,19,26,59,79,50,47,40,77,43,52,30,26,88,73,13,32,3,7,32,78,67,61,80,84,67,76,38,7907
70,80,60,79,63,14,22,40,50,78,57,4,82,50,67,63,92,73,1,26,52,5,89,78,62,25,68,46,45,34,7731
98,89,94,12,51,47,57,52,73,15,82,15,3,24,43,56,73,100,50,96,71,34,11,24,96,79,72,53,27,30,6231
87,61,79,90,48,39,6,50,97,48,68,88,52,26,20,5,57,50,36,59,16,59,72,34,8,99,87,29,79,77,8291
22,48,77,33,46,54,86,94,27,56,61,5,93,17,36,44,28,21,58,85,80,66,64,19,40,79,15,52,5,82,5630
62,8,33,23,34,70,45,15,10,38,14,68,72,46,74,18,67,4,13,10,11,21,89,37,17,76,78,49,69,48,6745
21,8,74,39,40,48,69,40,16,34,9,87,84,32,41,24,56,25,80,45,97,72,57,16,20,96,48,59,68,26,7019
45,86,80,32,99,27,78,89,49,76,32,50,40,11,59,35,92,4,86,60,86,2,44,100,93,55,6,59,9,22,7937
13,92,10,75,35,20,13,55,33,10,78,5,16,80,63,69,68,68,54,79,75,34,76,77,91,98,23,79,65,83,9296
72,0,37,91,89,63,64,96,91,10,91,2,3,82,71,48,77,28,2,34,92,44,80,26,91,57,18,45,29,27,8893
36,25,69,73,35,64,4,84,9,33,92,11,3,91,56,97,50,27,65,67,58,84,50,36,56,19,1,6,46,42,8286
75,44,15,27,25,22,18,68,11,69,96,14,16,21,58,15,67,26,17,21,40,22,11,28,36,44,86,96,42,91,6553
90,58,90,5,92,21,30,52,24,16,72,61,74,63,85,89,63,46,6,82,48,7,78,4,88,57,85,53,1,19,8492
44,24,45,46,76,53,9,27,41,52,46,14,59,67,25,9,0,3,92,85,65,32,45,44,23,70,83,66,36,66,6564
87,100,73,69,78,2,8,32,54,47,23,50,47,57,68,32,42,22,98,50,73,20,55,55,91,30,97,38,38,9,7955
38,27,67,78,33,73,16,71,55,8,10,70,49,72,100,95,42,83,12,44,29,70,33,85,29,59,81,38,32,63,7017
55,77,1,24,41,57,92,94,87,57,11,16,78,63,31,39,99,41,77,30,87,55,99,20,97,82,55,35,10,52,7505
6,79,75,70,85,57,59,40,97,90,94,67,64,86,42,9,80,72,84,64,46,94,41,46,9,18,51,58,47,63,9369
90,90,71,31,4,68,50,28,22,37,92,38,22,89,65,20,57,3,26,70,57,31,71,1,19,62,100,91,28,89,6746
69,60,11,55,15,10,5,72,68,90,72,55,45,2,77,44,5,39,13,65,9,97,27,11,63,100,94,32,69,70,6227
73,83,76,54,47,8,15,94,6,96,6,18,92,96,75,86,65,52,80,35,34,96,21,10,64,71,6,99,79,81,8380
95,94,57,53,17,81,66,69,12,5,68,97,82,99,85,46,87,44,85,15,68,75,89,51,13,83,83,22,15,89,8966
84,77,46,21,21,95,42,8,21,12,55,51,81,29,66,92,7,80,39,22,78,84,28,44,25,72,42,65,59,16,8235
58,26,4,97,25,71,77,95,18,52,23,3,98,43,9,11,28,20,47,9,98,6,34,70,96,83,61,36,39,63,6703
42,93,32,18,48,98,53,91,31,35,66,73,10,66,50,46,48,80,28,56,57,97,38,63,64,64,64,58,83,51,8737
30,52,74,79,90,25,56,99,97,10,53,82,19,18,39,90,46,5,11,34,64,15,88,20,39,91,12,33,81,63,7068
55,72,48,48,33,5,93,39,99,89,78,36,9,55,41,60,67,7,49,13,31,21,88,23,60,89,25,1,81,79,7149
82,21,56,56,5,9,81,46,22,95,69,59,3,79,26,56,33,89,84,5,4,82,98,81,34,26,66,23,46,74,7199
14,15,70,76,51,93,4,32,68,13,38,79,62,9,42,38,80,68,54,36,63,84,9,60,3,84,93,8,16,98,6638
27,97,66,56,71,2,87,10,97,35,68,75,30,36,97,19,93,44,31,73,82,15,39,83,99,72,58,59,84,40,9247
74,14,38,8,86,20,15,72,7,86,74,20,77,47,29,24,26,56,62,74,59,27,15,71,33,51,93,88,5,76,9293
6,86,17,62,8,71,40,81,43,99,84,38,90,10,35,36,84,14,70,4,58,14,75,69,78,17,57,92,41,92,7556
75,58,44,55,44,40,38,20,71,31,96,28,40,8,40,22,14,49,88,92,23,9,53,62,69,35,15,24,78,39,6169
99,17,49,28,49,24,36,96,81,98,95,17,50,91,83,96,77,3,96,76,20,40,70,48,40,34,39,37,52,93,8332
61,19,79,10,76,29,29,46,48,94,6,81,61,52,67,3,12,93,47,32,54,84,69,94,79,15,76,62,5,26,7591
38,19,44,14,50,27,44,21,99,3,40,73,83,81,96,90,26,45,9,68,35,98,43,5,57,79,93,40,23,6,7329
62,2,45,21,86,55,67,85,22,16,92,11,17,33,71,44,63,32,77,54,85,47,12,96,23,68,1,78,54,14,7329
43,74,3,51,80,10,54,30,45,45,80,9,91,59,53,23,22,71,33,23,31,56,32,86,76,44,86,23,69,10,8067
20,8,94,73,96,63,57,19,4,83,28,91,55,85,62,83,69,36,10,99,62,25,52,40,70,24,48,30,32,27,7740
77,50,67,30,42,0,21,62,1,96,45,42,1,88,16,98,62,12,99,42,36,39,10,93,90,12,88,85,7,9,7074
10,62,15,82,38,38,17,16,62,82,81,0,41,73,12,88,4,48,20,46,85,11,9,76,68,13,91,76,46,50,6504
51,88,37,36,85,73,66,52,68,88,45,7,57,21,47,35,29,70,64,46,92,71,60,66,15,65,34,67,40,90,7003
48,17,75,8,65,4,26,80,95,20,16,24,65,55,30,14,79,81,84,61,43,53,38,21,63,20,78,17,99,49,6127
36,70,82,19,68,93,65,24,89,55,94,6,36,90,72,37,19,42,75,48,38,74,59,63,46,78,3,93,94,95,7866
36,48,98,9,17,27,16,19,86,10,89,81,61,53,61,82,92,17,85,22,17,23,68,67,76,7,25,45,59,22,7232
68,46,32,14,91,72,19,76,23,33,52,34,13,98,59,69,82,16,15,46,30,1,96,51,5,51,14,73,30,65,6488
63,15,36,60,53,7,67,7,53,85,100,57,26,31,49,1,54,34,90,73,82,21,53,39,82,10,50,70,83,85,6977
34,46,19,28,76,80,95,38,78,75,39,42,91,8,33,13,28,73,5,16,73,44,68,75,42,49,85,79,78,84,8440
75,61,73,72,98,51,23,43,37,86,44,22,45,68,27,0,85,71,26,88,9,12,36,51,61,50,100,51,19,17,8447
50,75,76,28,54,3,50,37,10,39,58,97,8,15,68,97,97,59,92,68,52,60,84,32,47,90,77,76,34,68,7580
29,75,63,48,73,82,20,19,16,52,48,94,83,98,69,98,76,14,30,66,1,60,25,74,39,6,39,77,32,25,7004
99,41,22,92,6,82,7,85,21,86,26,74,23,71,63,5,93,40,4,55,1,32,55,62,75,56,94,25,75,98,6202
26,53,44,88,31,61,75,73,61,1,63,44,59,9,75,36,59,46,53,40,81,18,68,68,18,7,55,59,11,63,6033
53,90,28,44,84,26,31,78,89,62,73,31,98,71,83,50,74,52,19,13,42,68,45,95,39,56,18,90,2,14,10183
78,98,44,71,26,67,14,90,20,41,82,21,88,75,4,41,12,93,19,70,6,38,3,45,36,40,44,33,44,87,8726
12,68,7,44,8,71,70,76,29,98,5,98,44,70,58,23,98,51,74,77,36,6,28,50,80,74,93,6,98,17,10402
28,40,44,40,62,98,58,97,99,12,62,4,28,13,70,49,4,77,54,53,60,64,50,49,99,11,60,95,48,4,7158
36,25,90,73,31,80,70,8,36,91,84,49,70,34,85,83,8,10,78,44,62,81,51,71,52,24,43,36,64,16,8058
7,11,78,26,44,5,95,46,83,91,61,67,8,23,33,79,4,58,70,35,89,7,95,62,42,57,58,47,12,25,5850
31,38,71,45,80,61,86,86,38,89,37,19,76,3,62,43,81,91,12,73,65,78,42,77,40,100,76,86,97,32,11421
87,61,20,11,8,99,95,32,100,71,61,97,84,82,80,41,38,7,72,96,90,74,63,23,30,45,31,32,19,89,8046
78,66,31,80,3,96,79,71,45,60,48,40,96,2,85,72,95,63,29,44,52,6,44,88,37,26,99,63,42,97,7627
87,25,95,75,33,37,64,20,98,5,13,72,63,46,46,19,79,47,18,47,0,58,29,66,46,67,47,46,99,65,8749
3,37,8,63,58,56,69,94,95,66,39,16,99,75,70,64,20,54,2,56,97,98,91,35,69,97,59,79,18,93,10433
75,75,80,59,36,27,88,64,2,63,88,79,67,66,57,45,61,13,100,71,3,78,67,66,7,6,53,91,40,94,8447
58,24,10,4,80,61,33,51,60,86,52,47,90,31,53,19,57,60,84,46,86,13,12,48,51,26,43,63,31,29,8273
54,49,19,77,98,59,99,40,66,57,69,57,64,79,49,95,82,1,97,58,72,84,32,99,98,91,94,9,51,27,10589
69,67,6,81,6,8,38,44,87,80,31,90,96,12,79,86,87,60,100,99,81,62,85,19,7,3,10,43,46,35,7488
75,12,60,35,61,36,75,71,81,83,95,99,24,5,4,51,100,80,41,11,27,15,75,92,1,87,41,70,91,20,7829
3,71,65,85,59,74,24,96,77,53,5,53,22,1,5,15,18,58,65,99,92,59,16,66,18,28,20,72,18,95,6459
84,99,73,61,57,44,19,30,83,80,5,91,10,5,32,71,82,9,14,74,91,96,9,95,32,31,62,34,75,71,7669
71,95,79,53,75,92,96,75,70,37,40,26,42,40,83,48,92,58,95,14,43,94,51,39,43,77,91,5,7,11,8886
66,74,91,89,41,65,0,5,83,25,71,89,97,0,64,47,44,67,87,90,29,7,8,60,49,74,32,94,60,8,7526
95,90,61,35,9,22,67,69,97,8,77,38,78,58,74,57,73,97,81,95,65,81,10,34,12,50,66,72,99,13,10028
54,65,28,38,39,92,88,63,38,19,10,27,96,26,97,96,71,4,36,92,71,24,43,38,3,47,9,74,53,59,7558
80,59,83,15,99,83,7,34,81,52,84,12,29,39,95,57,20,84,55,14,41,22,22,75,59,17,39,25,90,81,7220
75,69,77,71,83,42,72,83,86,77,11,94,92,76,5,60,85,12,13,45,50,50,6,46,61,56,78,80,89,22,8983
29,43,42,69,68,43,34,37,36,74,27,98,45,99,87,93,26,32,5,77,19,95,51,97,16,58,15,61,94,40,9405
4,87,14,82,14,3,79,92,22,68,58,75,17,66,58,58,56,21,8,65,42,92,89,63,84,20,34,69,19,20,7278
89,36,14,14,18,12,4,57,65,26,16,87,53,43,58,80,35,13,5,2,100,34,13,85,98,12,23,94,2,50,5516
69,64,6,62,98,53,81,3,14,79,96,97,6,51,86,8,54,19,63,39,47,66,77,66,36,98,62,76,66,29,10195
95,60,80,43,1,11,44,87,37,46,41,52,62,0,22,20,21,0,49,11,24,29,8,40,74,81,2,78,45,78,5052
29,12,26,68,60,7,28,15,69,62,44,36,5,50,6,86,13,41,42,60,8,34,11,90,15,19,18,71,10,19,4679
45,54,21,64,31,90,26,25,16,69,59,52,83,14,98,28,98,59,53,53,54,63,21,81,75,79,49,38,93,19,8450
13,9,48,2,26,35,57,71,32,53,71,35,35,80,84,20,59,10,28,96,90,35,11,56,19,97,97,98,81,51,6366
70,49,8,47,17,80,69,7,3,40,39,8,72,50,56,76,83,12,76,94,95,55,62,26,70,8,92,26,93,47,5437
61,54,86,32,45,46,52,10,19,82,100,2,58,55,83,7,29,51,80,67,50,13,37,17,46,85,81,56,96,92,8437
6,19,6,49,1,27,45,56,59,13,81,94,33,36,70,81,3,81,41,48,80,96,70,27,72,89,37,38,18,57,8106
96,55,25,70,8,20,85,24,83,41,76,84,98,33,11,10,76,63,94,24,80,3,15,6,21,93,51,61,46,29,8182
56,41,48,85,65,82,82,64,61,43,57,54,1,16,89,43,43,38,37,56,90,54,9,1,67,37,82,89,12,14,6804
98,36,64,29,2,49,23,7,39,75,23,83,69,64,21,18,23,31,73,25,51,66,59,38,1,68,77,97,10,93,7179
62,24,64,43,78,26,38,33,72,15,86,57,91,61,85,16,46,36,27,19,79,80,99,33,81,10,26,54,29,17,6400
49,67,83,43,43,59,75,56,30,25,34,73,7,34,69,73,82,20,84,94,94,10,71,29,82,48,57,80,20,11,7929
88,10,95,59,70,15,42,47,24,9,7,97,15,71,69,56,88,28,58,24,59,80,71,12,91,14,27,22,7,85,5318
0,14,100,39,44,68,93,53,97,48,17,12,45,56,32,47,70,0,79,10,21,71,34,0,76,51,98,82,13,5,6798
86,82,41,32,16,13,24,25,9,97,53,71,33,9,36,1,56,25,9,57,31,54,13,80,53,99,50,75,73,34,6716
43,70,24,14,77,17,85,34,14,77,93,90,79,94,75,1,45,53,46,52,81,84,55,90,20,39,16,63,38,26,6068
58,86,70,12,92,47,58,71,81,25,89,38,51,47,50,31,18,8,33,76,93,1,35,82,84,16,95,39,30,26,9685
53,98,99,80,94,29,7,97,36,62,47,90,99,41,74,16,84,56,88,21,47,27,28,60,92,23,12,68,44,90,10974
71,30,37,48,89,19,62,34,29,88,93,62,33,91,60,80,97,48,48,6,72,43,59,89,92,20,86,73,59,28,7423
35,81,80,49,18,38,66,48,25,59,3,30,27,89,32,94,44,84,37,70,78,32,65,96,32,62,95,89,1,87,9161
48,89,97,66,68,48,14,2,69,73,18,92,98,73,65,13,63,25,70,6,27,15,30,44,14,44,63,87,18,94,7019
0,8,26,45,57,42,92,92,77,15,22,3,51,15,9,53,57,98,58,67,27,88,72,38,95,57,58,58,14,91,5882
8,95,42,2,28,96,83,90,2,34,16,74,47,61,5,95,87,30,94,30,59,87,45,30,87,4,74,14,93,70,8724
58,9,66,65,84,50,61,10,75,21,70,87,98,82,71,66,9,57,40,2,30,52,40,41,45,59,17,82,98,56,7733
98,44,68,55,36,11,4,45,50,53,10,85,98,83,9,20,60,90,43,12,49,51,46,98,42,67,69,39,47,40,7963
18,58,52,34,41,55,92,43,35,99,78,99,45,10,16,13,10,40,19,24,7,5,40,81,32,54,61,28,50,9,5351
58,11,19,45,58,87,60,21,38,98,82,4,39,67,97,6,98,71,26,65,33,62,73,63,92,98,24,74,26,26,6987
22,38,4,79,8,11,5,92,80,63,47,79,99,81,25,63,3,85,69,84,51,55,86,65,15,25,69,11,7,8,5946
78,77,96,13,65,85,43,78,30,39,3,6,75,19,83,59,10,3,5,70,48,82,20,11,38,89,27,58,21,58,7351
74,43,63,6,9,39,68,9,46,32,78,49,31,82,63,11,8,47,58,28,71,83,75,87,62,76,85,64,49,76,7322
92,59,33,4,10,71,67,18,43,93,29,48,35,39,31,83,98,31,94,8,30,16,39,18,80,29,77,77,17,82,5766
